ProductID,WarehouseID,ProductSupplierID,Name,Type,Description,Weight,PackagingMaterial,Price
12,3,0,TRESemmé Shampoo Smooth and Silky 3 Count Tames and Moisturizes Dry Hair With Moroccan Argan Oil For Professional Quality Salon-Healthy Look And Shine 28 oz,Shampoo,|https://m.media-amazon.com/images/I/81crmp95EaL._AC_UL400_.jpg,,Plastic,16.39
13,0,0,Tigi Bed Head Dumb Blonde Shampoo  25.36 Ounce,Shampoo,|https://m.media-amazon.com/images/I/7113w+mYZzL._AC_UL400_.jpg,,Plastic,75.00
14,1,0,Avalon Organics Shampoo  Clarifying Lemon  11 Oz,Shampoo,|https://m.media-amazon.com/images/I/71wY2rcZadL._AC_UL400_.jpg,,Plastic,7.97
15,2,0,Bumble and Bumble Sunday Shampoo  8 Ounces,Shampoo,|https://m.media-amazon.com/images/I/51gB8Ir5fVL._AC_UL400_.jpg,,Plastic,25.99
16,4,0,Not Your Mothers Clean Freak Refreshing Dry Shampoo  1.6 Ounce,Shampoo,|https://m.media-amazon.com/images/I/61K-7GV2cMS._AC_UL400_.jpg,,Plastic,14.97
17,2,0,Acure Ultra Hydrating Shampoo 100 Vegan  Ultra Hydrating Moisture  Omega Fatty Acids    Yellow Argan Oil  Pumpkin  8 Fl Oz,Shampoo,|https://m.media-amazon.com/images/I/71ridjzS4aL._AC_UL400_.jpg,,Plastic,17.97
18,2,0,Shampoo for Men by American Crew  Daily Cleanser  Naturally Derived  Vegan Formula  Citrus Mint Fragrance  8.45 Fl Oz,Shampoo,|https://m.media-amazon.com/images/I/71gOqCXcNzL._AC_UL400_.jpg,,Plastic,18.99
19,5,0,Dove Nutritive Solutions Moisturizing Shampoo Daily Moisture 4 Count for Dry Hair with Pro-Moisture Complex for Manageable and Silky Hair 12 oz,Shampoo,|https://m.media-amazon.com/images/I/51Bd5IKd20S._AC_UL400_.jpg,,Plastic,25.99
20,5,0,Batiste Batiste dry shampoo  original fragrance  5 Count  6.73 Ounce,Shampoo,|https://m.media-amazon.com/images/I/71356bATExL._AC_UL400_.jpg,,Plastic,30.50
21,5,0,OGX Extra Strength Refreshing Scalp + Teatree Mint   Invigorating Scalp Shampoo with Tea Tree  Peppermint Oil  Witch Hazel  Paraben/ Sulfate-Free Surfactants  13 fl oz,Shampoo,|https://m.media-amazon.com/images/I/51Y+5elZdgL._AC_UL400_.jpg,,Plastic,22.99
22,5,0,Pantene Sulfate Free Shampoo with Castor Oil  Nutrient Blends Fortifying Damage Repair  9.6 fl oz  Pack of 4,Shampoo,|https://m.media-amazon.com/images/I/51lFKRncsaL._AC_UL400_.jpg,,Plastic,9.08
23,2,0,Nourishing Repair Shampoo 33.8oz Macadamia Professional Macadamia Oil and Argan Oil for Hydration  Shine  and Color Protection,Shampoo,|https://m.media-amazon.com/images/I/61XQ5PPkYeL._AC_UL400_.jpg,,Plastic,16.39
24,2,0,Ginger Lily Farms Botanicals Moisturizing Shampoo for All Hair Types  Coco Mango  100 Vegan  Cruelty-Free  Coconut Mango Scent  1 Gallon (128 fl oz) Refill,Shampoo,|https://m.media-amazon.com/images/I/41zuLKfVXwL._AC_UL400_.jpg,,Plastic,6.97
25,4,0,Pantene Shampoo Twin Pack with Hair Treatment  Classic Clean 55.9 fluid ounces,Shampoo,|https://m.media-amazon.com/images/I/71wPZulig2L._AC_UL400_.jpg,,Plastic,7.99
26,0,0,Head and Shoulders Itchy Scalp Care Daily-Use Anti-Dandruff Paraben Free Shampoo  13.5 fl oz,Shampoo,|https://m.media-amazon.com/images/I/617vq2COeHL._AC_UL400_.jpg,,Plastic,8.84
27,0,0,TRESemmé Shampoo Moisture Rich 3 Count for Dry Hair Professional Quality Salon-Healthy Look and Shine Moisture Rich Formulated with Vitamin E and Biotin 28 oz,Shampoo,|https://m.media-amazon.com/images/I/613nQmnnQmL._AC_UL400_.jpg,,Plastic,9.99
28,4,0,Head and Shoulders Shampoo for Men  Men Advanced Series Refreshing Menthol Anti-Dandruff Shampoo  12.8 fl oz  Pack of 6,Shampoo,|https://m.media-amazon.com/images/I/61VFtW881fL._AC_UL400_.jpg,,Plastic,6.97
29,5,0,OGX Renewing + Argan Oil of Morocco Hydrating Hair Shampoo  Cold-Pressed Argan Oil to Help Moisturize  Soften  Strengthen Hair  Paraben-Free with Sulfate-Free Surfactants  25.4 fl oz,Shampoo,|https://m.media-amazon.com/images/I/717mDtm-8PL._AC_UL400_.jpg,,Plastic,9.29
30,1,0,DOVE MEN + CARE Fortifying 2 in 1 Shampoo and Conditioner for Normal to Oily Hair Fresh and Clean with Caffeine Helps Strengthen Thinning Hair 3 oz,Shampoo,|https://m.media-amazon.com/images/I/51plRAuw2eL._AC_UL400_.jpg,,Plastic,21.86
31,5,0,Moroccanoil Extra Volume Shampoo,Shampoo,|https://m.media-amazon.com/images/I/71VWKt7DxeL._AC_UL400_.jpg,,Plastic,23.93
32,5,0,Batiste Dry Shampoo  Cherry 6.73 oz (Pack of 4),Shampoo,|https://m.media-amazon.com/images/I/51xS8Ss9ZVL._AC_UL400_.jpg,,Plastic,12.24
33,5,0,Nexxus Clean and Pure Clarifying Shampoo  With ProteinFusion  Nourished Hair Care Silicone  Dye And Paraben Free 33.8 oz,Shampoo,|https://m.media-amazon.com/images/I/81bHFp4RrUL._AC_UL400_.jpg,,Plastic,16.39
34,2,0,Mielle Organics Rosemary Mint Strengthening Shampoo Infused with Biotin  Cleanses and Helps Strengthen Weak and Brittle Hair  12 Ounces,Shampoo,|https://m.media-amazon.com/images/I/51Fkkgy4MtL._AC_UL400_.jpg,,Plastic,10.69
35,4,0,Batiste Shampoo Dry Cherry 6.73 Ounce (200ml) (6 Pack),Shampoo,|https://m.media-amazon.com/images/I/71ZdAOm4MFL._AC_UL400_.jpg,,Plastic,13.99
36,4,0,Tea Tree Special Shampoo  Deep Cleans  Refreshes Scalp  For All Hair Types  Especially Oily Hair,Shampoo,|https://m.media-amazon.com/images/I/81kwi8KE3eL._AC_UL400_.jpg,,Plastic,17.74
37,0,0,Head and Shoulders Shampoo  Anti Dandruff Treatment and Scalp Care  Classic Clean Scent  for All Hair Types including Color Treated  Curly or Textured Hair  32.1 fl oz  Twin Pack,Shampoo,|https://m.media-amazon.com/images/I/615r62cFUFL._AC_UL400_.jpg,,Plastic,19.99
38,1,0,Love Beauty And Planet Sulfate Free Shampoo Volumizing Shampoo for Fine Hair Coconut Water and Mimosa Flower Refill Bottle for use with Reusable Aluminum Bottle 32 oz,Shampoo,|https://m.media-amazon.com/images/I/81hCur4Mw3L._AC_UL400_.jpg,,Plastic,15.74
39,5,0,MONDAY HAIRCARE Gentle Shampoo + Conditioner Set (2 Pack) 12oz Each for Normal to Delicate Hair Types  Made from Coconut Oil  Rice Protein   Vitamin E  100 Recyclable Bottles,Shampoo,|https://m.media-amazon.com/images/I/61POlqyCZTL._AC_UL400_.jpg,,Plastic,10.99
40,1,0,Aussie Total Miracle Shampoo  30.4 Fluid Ounce  Pack of 4,Shampoo,|https://m.media-amazon.com/images/I/51+ccxujH0L._AC_UL400_.jpg,,Plastic,11.99
41,3,0,Redken Color Extend Magnetics Shampoo For Color-Treated Hair | Gently Cleanses  Protects Color | With Amino Acid | Sulfate Free Shampoo,Shampoo,|https://m.media-amazon.com/images/I/61kg4VCMf7L._AC_UL400_.jpg,,Plastic,12.99
42,3,0,normcore signature shampoo | amika,Shampoo,|https://m.media-amazon.com/images/I/71ZtgU6KwFL._AC_UL400_.jpg,,Plastic,7.29
43,4,0,GIOVANNI Tea Tree Triple Treat Invigorating Shampoo  24 oz. - Cooling Peppermint  Eucalyptus  Conditioning Rosemary  Strengthens  Helps Dry Flaking Scalp  Lauryl and Laureth Sulfate Free  Paraben Free,Shampoo,|https://m.media-amazon.com/images/I/61JNPqSDvdS._AC_UL400_.jpg,,Plastic,9.29
44,1,0,Nioxin System 2 Scalp Cleansing Shampoo with Peppermint Oil  Treats Dry and Sensitive Scalp  Dandruff Relief and Anti-Hair Breakage  For Natural Hair with Progressed Thinning  33.8 fl oz,Shampoo,|https://m.media-amazon.com/images/I/71Az1AFRDPL._AC_UL400_.jpg,,Plastic,23.00
45,4,0,Dove Hair Therapy Shampoo for Damaged  Breakage Remedy with Nutrient-Lock Serum  33.8 Fl Oz,Shampoo,|https://m.media-amazon.com/images/I/71Zj8G4YrOL._AC_UL400_.jpg,,Plastic,38.50
46,5,0,Head and Shoulders Shampoo  Anti Dandruff Treatment and Scalp Care  Green Apple  32.1 fl oz  Twin Pack,Shampoo,|https://m.media-amazon.com/images/I/61hc63NB+NL._AC_UL400_.jpg,,Plastic,26.00
47,3,0,Malin + Goetz Shampoo,Shampoo,|https://m.media-amazon.com/images/I/71xxdSIaAbL._AC_UL400_.jpg,,Plastic,18.23
48,4,1,Herbal Essences Rose Hips Smooth Shampoo  29.2 fl oz,Shampoo,|https://i5.walmartimages.com/asr/7f9c4760-bf1f-4a21-94b9-83476def25ba.9cbe089f7ec82f74e1eef001b702c3c2.jpeg?odnHeight=180odnWidth=180odnBg=FFFFFF,,Plastic,9.97
49,5,1,Aussie Miracle Moist Shampoo and Conditioner Hair Set  26.2 fl oz,Shampoo,|https://i5.walmartimages.com/asr/2bdbf94b-c399-4ce3-a22a-3e12250b04ed.bbbe2fd4f6efc1a9341f52c51d2cc700.jpeg?odnHeight=180odnWidth=180odnBg=FFFFFF,,Plastic,13.47
50,0,1,Tresemme Rich Moisture Rich Moisture Shampoo and Conditioner  28 oz  2 Count,Shampoo,|https://i5.walmartimages.com/asr/ae7a7e11-869c-4061-8104-7c97b5ca9644_1.49a96a0d2a0f1a1e3eb0ed392f0b33d0.jpeg?odnHeight=180odnWidth=180odnBg=FFFFFF,,Plastic,9.98
51,4,1,Tresemme Rich Moisture Hydrating Shampoo with Pump  39 oz,Shampoo,|https://i5.walmartimages.com/asr/559b3994-f9ad-45f1-a000-5ccf3ceb2805.ba0420250e4871f3b3d3cf76ac8adbb5.jpeg?odnHeight=180odnWidth=180odnBg=FFFFFF,,Plastic,7.98
52,2,1,4U by Tia Moisturizing Shampoo with Watermelon and Hemi15  13 fl oz,Shampoo,|https://i5.walmartimages.com/asr/5ba7325b-ff03-4977-be3a-5e641bc6a509.a701cb0f2a484a09f7ed431fcc2c6adb.jpeg?odnHeight=180odnWidth=180odnBg=ffffff,,Plastic,10.47
53,4,1,4U by Tia Clarifying Shampoo with Apple Cider Vinegar and Hemi15  13 fl oz,Shampoo,|https://i5.walmartimages.com/asr/e5734fbf-03be-4c20-9c16-90695c6c2b4a.206ea51973f3e44379a525662664c48b.jpeg?odnHeight=180odnWidth=180odnBg=ffffff,,Plastic,10.47
54,0,1,Garnier Whole Blends Honey Treasures Shampoo and Conditioner Set  For Damaged Hair  1 kit,Shampoo,|https://i5.walmartimages.com/asr/b3732d16-632d-491a-bb2e-8e49015ea58b.dd823ec3e802cfed39854388c8eec1f3.jpeg?odnHeight=180odnWidth=180odnBg=ffffff,,Plastic,6.97
55,1,1,Aussie Total Miracle Shampoo  Paraben Free  26.2 fl oz,Shampoo,|https://i5.walmartimages.com/asr/2934feb8-28ec-4b7b-af46-2c8d1aa1f65c.1ca5d03334d55cf0c9d69bc9af665831.jpeg?odnHeight=180odnWidth=180odnBg=ffffff,,Plastic,7.32
56,4,1,Suave Moroccan Oil Infusion Shampoo and Conditioner Set  18 oz 2 Pack,Shampoo,|https://i5.walmartimages.com/asr/c225f9d4-429d-463f-a394-8f1104017c82.f653dbbc1fbea5753f3ec2ed30688039.jpeg?odnHeight=180odnWidth=180odnBg=ffffff,,Plastic,5.98
57,0,1,Garnier Fructis Grow Strong Shampoo amp; Conditioner For Stronger  Healthier  Shinier Hair  1 kit,Shampoo,|https://i5.walmartimages.com/asr/022b4184-8a2a-4ff5-b823-5fce06a10e6d.b3a34a1f7e46909d8a8cf064c9060889.png?odnHeight=180odnWidth=180odnBg=ffffff,,Plastic,5.97
58,4,1,Pantene Pro-V Daily Moisture Renewal Shampoo  27.7 oz,Shampoo,|https://i5.walmartimages.com/asr/cf81ebfb-9d81-48f2-9297-eebcdeb5bdf0.bf7b0bfa8122a90c5b35bcb98688b57b.jpeg?odnHeight=180odnWidth=180odnBg=FFFFFF,,Plastic,7.97
59,4,1,Head and Shoulders 2 in 1 Dandruff Shampoo and Conditioner  Lemon Essential Oil  12.5 oz,Shampoo,|https://i5.walmartimages.com/asr/22370053-65da-43e3-a5b6-e4abd5251b7f.a318b83f53128047adee1cc1ba24b9fe.jpeg?odnHeight=180odnWidth=180odnBg=ffffff,,Plastic,11.47
60,1,1,Tresemme Rich Moisture Rich Moisture Shampoo and Conditioner  28 oz  2 Count,Shampoo,|https://i5.walmartimages.com/asr/ae7a7e11-869c-4061-8104-7c97b5ca9644_1.49a96a0d2a0f1a1e3eb0ed392f0b33d0.jpeg?odnHeight=180odnWidth=180odnBg=FFFFFF,,Plastic,9.98
61,5,1,Suave Daily Clarifying Cleansing Shampoo 22.5 oz,Shampoo,|https://i5.walmartimages.com/asr/f0f07b15-a34b-4acc-a464-06ba08fa631a.19a945be7c78ef4ca0455e38f39a0c3f.jpeg?odnHeight=180odnWidth=180odnBg=ffffff,,Plastic,1.94
62,0,1,LOreal Paris Elvive Total Repair 5 Repairing Shampoo and Conditioner Set  2 Piece Set,Shampoo,|https://i5.walmartimages.com/asr/b44466c3-64a1-4cea-bbe6-83d7f1dd2301.421cfec140cbdde7b4ae20cd992714a7.png?odnHeight=180odnWidth=180odnBg=ffffff,,Plastic,7.97
63,0,1,Aussie Miracle Moist Shampoo and Conditioner Hair Set  26.2 fl oz,Shampoo,|https://i5.walmartimages.com/asr/2bdbf94b-c399-4ce3-a22a-3e12250b04ed.bbbe2fd4f6efc1a9341f52c51d2cc700.jpeg?odnHeight=180odnWidth=180odnBg=ffffff,,Plastic,13.47
64,3,1,Tresemme Rich Moisture Hydrating Shampoo with Pump  39 oz,Shampoo,|https://i5.walmartimages.com/asr/559b3994-f9ad-45f1-a000-5ccf3ceb2805.ba0420250e4871f3b3d3cf76ac8adbb5.jpeg?odnHeight=180odnWidth=180odnBg=ffffff,,Plastic,7.98
65,2,1,Alberto VO5 Moisture Milks Strawberries amp; Cream Moisturizing Hair Shampoo  15 fl oz,Shampoo,|https://i5.walmartimages.com/asr/85bde102-9aa8-432f-9050-c3cb3a9356b5.7df1d5b7f90f1b277d60480a28cf358c.jpeg?odnHeight=180odnWidth=180odnBg=ffffff,,Plastic,1.12
66,1,1,Suave Tropical Coconut Nourishing Shampoo 22.5 fl oz,Shampoo,|https://i5.walmartimages.com/asr/555af473-99d7-4f99-bc1f-e944c577d8ba.3d3a1f70f2076148e178b1d559b6d25b.jpeg?odnHeight=180odnWidth=180odnBg=ffffff,,Plastic,1.94
67,5,1,Garnier Fructis Grow Strong Fortifying Shampoo with Ceramide and Apple Extract  12.5 fl oz,Shampoo,|https://i5.walmartimages.com/asr/f263e53d-9bd6-46df-b118-dadbf6f70f8b.c7632a95a5c07919654380dec516348e.jpeg?odnHeight=180odnWidth=180odnBg=ffffff,,Plastic,3.47
68,1,1,4U by Tia Moisturizing Shampoo with Watermelon and Hemi15  13 fl oz,Shampoo,|https://i5.walmartimages.com/asr/5ba7325b-ff03-4977-be3a-5e641bc6a509.a701cb0f2a484a09f7ed431fcc2c6adb.jpeg?odnHeight=180odnWidth=180odnBg=FFFFFF,,Plastic,10.47
69,5,1,4U by Tia Clarifying Shampoo with Apple Cider Vinegar and Hemi15  13 fl oz,Shampoo,|https://i5.walmartimages.com/asr/e5734fbf-03be-4c20-9c16-90695c6c2b4a.206ea51973f3e44379a525662664c48b.jpeg?odnHeight=180odnWidth=180odnBg=FFFFFF,,Plastic,10.47
70,0,1,Suave Silk Protein Infusion Shampoo and Conditioner  18 oz 2 Pack,Shampoo,|https://i5.walmartimages.com/asr/9f09bde4-37ea-4171-ae5f-9a2113165c96.a92cb22b419b1fa072981f325629c7b1.jpeg?odnHeight=180odnWidth=180odnBg=ffffff,,Plastic,5.98
71,3,1,Suave Essentials Ocean Breeze Refreshing Shampoo 22.5 oz,Shampoo,|https://i5.walmartimages.com/asr/6f87a4d1-926f-40a5-8e91-584f26a6d074.e1ad526b0dbb3281de28e2f9a18e468c.jpeg?odnHeight=180odnWidth=180odnBg=ffffff,,Plastic,1.94
72,3,1,Alberto VO5 Kiwi Lime Clarifying amp; Nourishing Daily Hair Shampoo  with Vitamin E amp; C  15 fl oz,Shampoo,|https://i5.walmartimages.com/asr/0246b502-2491-4a0c-9684-a4d66ecdaed8.4227977b8d5b706dd8a18ce408b7a06e.jpeg?odnHeight=180odnWidth=180odnBg=ffffff,,Plastic,1.12
73,3,1,Native Moisturizing Shampoo  Coconut amp; Vanilla  Sulfate amp; Paraben Free  16.5 oz,Shampoo,|https://i5.walmartimages.com/asr/b8566f62-f206-47b7-a14d-b8c5c71a8ce2.df9527ea9d847c2be9e049fa6f46a7f8.jpeg?odnHeight=180odnWidth=180odnBg=ffffff,,Plastic,9.97
74,2,1,Head and Shoulders Dandruff Shampoo  Dry Scalp Care  20.7 oz,Shampoo,|https://i5.walmartimages.com/asr/0441c7d3-f967-4033-852e-277042afbb5b.6a95114811b861c19e97e189dba1c919.jpeg?odnHeight=180odnWidth=180odnBg=ffffff,,Plastic,8.97
75,0,1,Suave Sun-Ripened Strawberry Energizing Shampoo 22.5 fl oz,Shampoo,|https://i5.walmartimages.com/asr/866f02ce-6457-4942-b24d-05384d8dd3b3.99c80930235b10e1474237d64ece2d59.jpeg?odnHeight=180odnWidth=180odnBg=ffffff,,Plastic,1.94
76,1,1,LOreal Paris Elvive Total Repair Extreme Renewing Shampoo  28 fl oz,Shampoo,|https://i5.walmartimages.com/asr/1032c868-c60d-425d-92f6-60d1317fe836.cf2d477efb7ae203a9af054740a5e917.jpeg?odnHeight=180odnWidth=180odnBg=ffffff,,Plastic,8.48
77,0,1,Herbal Essences Rose Hips Smooth Shampoo  29.2 fl oz,Shampoo,|https://i5.walmartimages.com/asr/7f9c4760-bf1f-4a21-94b9-83476def25ba.9cbe089f7ec82f74e1eef001b702c3c2.jpeg?odnHeight=180odnWidth=180odnBg=ffffff,,Plastic,9.97
78,3,1,Dove Intensive Repair Strengthening Shampoo and Conditioner  12 oz 2 Count,Shampoo,|https://i5.walmartimages.com/asr/90806510-38a3-40d3-ab9a-7bf6149945ce.2fc63bd6858dd65c19b412d931101f16.jpeg?odnHeight=180odnWidth=180odnBg=FFFFFF,,Plastic,7.48
79,5,1,Tresemme 24-Hour Volume Collagen amp; Peptide Complex Shampoo 39 fl oz,Shampoo,|https://i5.walmartimages.com/asr/7742cd3c-0724-410d-b1ac-e22df3414ecb.63b8c3aaaf539d8f58f9ee26d18a860e.jpeg?odnHeight=180odnWidth=180odnBg=FFFFFF,,Plastic,7.98
80,3,1,Head and Shoulders 2 in 1 Dandruff Shampoo and Conditioner  Green Apple  20.7 oz,Shampoo,|https://i5.walmartimages.com/asr/2d486076-8197-446b-9816-6d4b7287294f.a8fed42b7e663e6fac179ba9ce1ee4af.jpeg?odnHeight=180odnWidth=180odnBg=ffffff,,Plastic,8.97
81,0,1,Suave Softening Shampoo Wild Cherry Blossom  22.5 oz,Shampoo,|https://i5.walmartimages.com/asr/14c62945-d14f-4adb-9b11-214655c7037f.ddd65bd14f0e8790250b8316d3918cd5.jpeg?odnHeight=180odnWidth=180odnBg=ffffff,,Plastic,1.94
82,2,1,Herbal Essences Hello Hydration Shampoo and Body Wash  29.2 fl oz,Shampoo,|https://i5.walmartimages.com/asr/328d6ffc-b1a9-4a13-bfdc-800e4f0ee5b0.4d7d3a040296176b7f6a7bedb8cceacb.jpeg?odnHeight=180odnWidth=180odnBg=ffffff,,Plastic,7.97
83,3,1,Head and Shoulders 2 in 1 Dandruff Shampoo and Conditioner  Apple Cider Vinegar  12.5 oz,Shampoo,|https://i5.walmartimages.com/asr/69c3d489-f239-40e5-9b8a-319125c6c0c2.30af9a819531d7560e4a64cd2a8df593.jpeg?odnHeight=180odnWidth=180odnBg=ffffff,,Plastic,5.97
84,2,1,Herbal Essences Rose Hips Smooth Shampoo  3.38 fl oz,Shampoo,|https://i5.walmartimages.com/asr/e32b092f-acd8-4b79-9fca-619ea68194bb.0bf6e6de74a4b4002b921c796d7f42cd.jpeg?odnHeight=180odnWidth=180odnBg=ffffff,,Plastic,1.97
85,3,1,Garnier Whole Blends Honey Treasures Repairing Shampoo  For Damaged Hair  12.5 fl oz,Shampoo,|https://i5.walmartimages.com/asr/777c28c3-c922-4c0c-9f36-33ac1172c55d.058296042bd2ff75652646f6b5d66eb1.png?odnHeight=180odnWidth=180odnBg=ffffff,,Plastic,3.47
86,0,1,Cantu Protective Styles by Angela Hair Bath amp; Cleanser with Apple Cider Vinegar amp; Aloe  10 fl oz,Shampoo,|https://i5.walmartimages.com/asr/1f090a42-ca4d-458e-845b-48bd3b0c28cf.e0f04c007cdf639d09676029ae82c78c.jpeg?odnHeight=180odnWidth=180odnBg=ffffff,,Plastic,7.97
87,3,1,Babaria Waves amp; Curls Shampoo with Anti-Frizz Control for Curly and Wavy Hair 16.9 fl. oz,Shampoo,|https://i5.walmartimages.com/asr/772a48b3-64f4-4178-bb6f-955a65f32619.3d695d86c4aa503fed0b268e3d896208.jpeg?odnHeight=180odnWidth=180odnBg=ffffff,,Plastic,4.90
88,3,1,Arbol Verde Anti-Hair Loss Natural Shampoo for Men and Women  500 ml,Shampoo,|https://i5.walmartimages.com/asr/35bc37dd-c5f3-4acc-8716-2e9243b07c0d.ea7843296dab7e271dd05ba3802094c5.jpeg?odnHeight=180odnWidth=180odnBg=ffffff,,Plastic,5.18
89,0,1,Kaleidoscope x Da Brat WhatChu Like Cleansing Apple Cider Vinegar Rinse 8oz,Shampoo,|https://i5.walmartimages.com/asr/31904a91-1ab7-437d-97b7-257ca2261259.dbe2f242306a183accdf02ad77870484.jpeg?odnHeight=180odnWidth=180odnBg=ffffff,,Plastic,14.98
90,1,1,NaturAll (STEP 1) Wash amp; Go: Sea Moss and Chebe Shampoo,Shampoo,|https://i5.walmartimages.com/asr/cb4e7a22-9b62-4c49-bec8-0c93f866f91b.76ba94dd611dab744f6fbdbe4f0cf0fc.jpeg?odnHeight=180odnWidth=180odnBg=ffffff,,Plastic,14.97
91,5,1,Nioxin System 2 Cleanser Shampoo  33.8 oz,Shampoo,|https://i5.walmartimages.com/asr/22f2b084-303e-4a4a-bfbb-9d04ee7473ca.52efda340e3dc65162482439835dbffb.jpeg?odnHeight=180odnWidth=180odnBg=ffffff,,Plastic,23.99
92,1,1,Matrix Biolage ColorLast Shampoo  33.8 oz,Shampoo,|https://i5.walmartimages.com/asr/54300703-11e9-4938-a721-cd7e4396873d.5177762ceb3e01598fe293d88b825172.jpeg?odnHeight=180odnWidth=180odnBg=ffffff,,Plastic,34.99
93,5,1,Ginger Lily Farms Club amp; Fitness Moisturizing Shampoo for All Hair Types  100 Vegan amp; Cruelty-Free  Citrus Scent  1 Gallon (128 fl oz) Refill,Shampoo,|https://i5.walmartimages.com/asr/dc64a883-2634-4bdf-9169-ecd6bb2f4a78.164edecd8f2e1c2d623df2c288c916ac.jpeg?odnHeight=180odnWidth=180odnBg=ffffff,,Plastic,21.99
94,3,1,Pantene Pro-V Daily Moisture Renewal Shampoo  27.7 oz,Shampoo,|https://i5.walmartimages.com/asr/cf81ebfb-9d81-48f2-9297-eebcdeb5bdf0.bf7b0bfa8122a90c5b35bcb98688b57b.jpeg?odnHeight=180odnWidth=180odnBg=ffffff,,Plastic,7.97
95,4,1,LOreal Paris Elvive Hyaluron Plump 72H Hydrating Shampoo  13.5 fl oz,Shampoo,|https://i5.walmartimages.com/asr/0bf6ecbb-e2c3-47de-9d03-b8d2a837b3b3.e841dc85f7436d89a4baa3d720267fbb.jpeg?odnHeight=180odnWidth=180odnBg=ffffff,,Plastic,4.97
96,0,1,Cantu Anti-Dandruff Shampoo with Guava amp; Ginger  13.5 fl oz,Shampoo,|https://i5.walmartimages.com/asr/8eacc51c-774b-438a-bd4a-bdf96efbc80d.df812c5eff9ed3489169ade4809fc4bb.jpeg?odnHeight=180odnWidth=180odnBg=ffffff,,Plastic,18.99
97,3,1,Charmin Ultra Strong Toilet Paper  12 Super Mega Rolls,Toilet Paper,|https://i5.walmartimages.com/asr/224d0ef7-cccf-4394-bd76-8a7a7295e139.b5e944654ae3a20a609110dff85207f2.png?odnHeight=180odnWidth=180odnBg=FFFFFF,,,20.96
98,5,1,Charmin Ultra Soft Toilet Paper  12 Super Mega Rolls,Toilet Paper,|https://i5.walmartimages.com/asr/dc640372-cf2d-4b9e-8837-f6173f04c3ab.e07155b57754bc9b2bc1c86fe17c49e3.jpeg?odnHeight=180odnWidth=180odnBg=FFFFFF,,,20.96
99,5,1,Quilted Northern Ultra Plush Toilet Paper  12 Mega Rolls,Toilet Paper,|https://i5.walmartimages.com/asr/10b4d824-b99b-4b9e-8ae3-ff39615723b6.cd82caa48914a998b6176fe2639d7210.jpeg?odnHeight=180odnWidth=180odnBg=FFFFFF,,,13.63
100,0,1,Charmin Ultra Soft Toilet Paper  30 Mega Rolls,Toilet Paper,|https://i5.walmartimages.com/asr/f26bd181-8105-4510-9041-d86ab7f8e29f.d8f5f8619b520afb0970c2216549d433.jpeg?odnHeight=180odnWidth=180odnBg=FFFFFF,,,32.98
101,3,1,Angel Soft Toilet Paper  9 Mega Rolls,Toilet Paper,|https://i5.walmartimages.com/asr/d61b0308-6605-4117-bba7-8068bba32c52.f1bc2b998e82a7733084750492ff1d73.jpeg?odnHeight=180odnWidth=180odnBg=ffffff,,,6.36
102,5,1,Great Value Soft amp; Strong Premium Toilet Paper  24 Mega Rolls,Toilet Paper,|https://i5.walmartimages.com/asr/ebad8e81-0d1d-4d35-b852-27f6fdd18fb1.6ad517a8f022766be23e89e2e693dee6.jpeg?odnHeight=180odnWidth=180odnBg=ffffff,,,18.62
103,1,1,Great Value Ultra Strong Toilet Paper  6 Mega Rolls,Toilet Paper,|https://i5.walmartimages.com/asr/36f639be-29c1-4457-8c99-bfd43a74ac70.ddb055d6e0c8d573c5bdadd9a854e0c6.jpeg?odnHeight=180odnWidth=180odnBg=ffffff,,,7.22
104,4,1,Great Value Ultra Strong Toilet Paper  30 Mega Rolls,Toilet Paper,|https://i5.walmartimages.com/asr/f83e51ad-2ed3-4fcb-ac43-7e27143f3ab3.7fbdff6a5ba756115c1cd317f2940e96.jpeg?odnHeight=180odnWidth=180odnBg=ffffff,,,33.12
105,4,1,Angel Soft Toilet Paper  12 Mega Rolls,Toilet Paper,|https://i5.walmartimages.com/asr/59f447c9-ee28-428e-b5b1-698f6fd8dd47.27ef69f3d5b0fa50ce7b17020dc718e6.jpeg?odnHeight=180odnWidth=180odnBg=ffffff,,,7.96
106,2,1,Charmin Ultra Soft Toilet Paper  6 Mega Rolls,Toilet Paper,|https://i5.walmartimages.com/asr/a756079a-d9d0-4044-8a94-984c5c0af9d2.12bbb28faec766b125cecafff5da34a2.jpeg?odnHeight=180odnWidth=180odnBg=ffffff,,,8.37
107,2,1,Charmin Ultra Soft Toilet Paper  24 Mega Rolls,Toilet Paper,|https://i5.walmartimages.com/asr/a5740d47-0692-481a-b28f-a31290f28c8d.937e2f39101b51ba3ac0a66e299fe260.jpeg?odnHeight=180odnWidth=180odnBg=FFFFFF,,,26.48
108,1,1,Scott 1 000 Toilet Paper  12 Rolls  1 000 Sheets per Roll,Toilet Paper,|https://i5.walmartimages.com/asr/44414a08-5262-404e-b603-1ac9ec8c42c4.21a46cb0539b6a7f7af73dddad815a68.jpeg?odnHeight=180odnWidth=180odnBg=FFFFFF,,,11.84
109,1,1,Great Value 1 000 Sheets per Roll Toilet Paper  16 Rolls,Toilet Paper,|https://i5.walmartimages.com/asr/8bab2a63-126f-4497-8ed6-47352dea31b5.5d1644c2c9ec030a173814d9e5292d52.jpeg?odnHeight=180odnWidth=180odnBg=ffffff,,,11.24
110,0,1,Scott 1 000 Toilet Paper  12 Rolls  1 000 Sheets per Roll,Toilet Paper,|https://i5.walmartimages.com/asr/44414a08-5262-404e-b603-1ac9ec8c42c4.21a46cb0539b6a7f7af73dddad815a68.jpeg?odnHeight=180odnWidth=180odnBg=ffffff,,,11.84
111,4,1,Angel Soft Toilet Paper  18 Mega Rolls,Toilet Paper,|https://i5.walmartimages.com/asr/565bcf83-1024-4d0a-9d25-377432a92faa.011860e705cb5eaaa50ad3bfaafb40c0.jpeg?odnHeight=180odnWidth=180odnBg=ffffff,,,13.12
112,3,1,Charmin Ultra Strong Toilet Paper  6 Mega Rolls,Toilet Paper,|https://i5.walmartimages.com/asr/fe102b54-dc4a-4039-8235-fe6b15096dfd.38fefd58714f4f17b336b514eddc0634.jpeg?odnHeight=180odnWidth=180odnBg=ffffff,,,8.37
113,2,1,Great Value Soft amp; Strong Premium Toilet Paper  18 Mega Rolls,Toilet Paper,|https://i5.walmartimages.com/asr/74eeeb7f-446d-47af-8d62-53f1255a7b2c.fdc6e93cab4211df1020c528cb6a215d.jpeg?odnHeight=180odnWidth=180odnBg=ffffff,,,14.82
114,3,1,Scott 1 000 Sheets per Roll Toilet Paper  20 Rolls,Toilet Paper,|https://i5.walmartimages.com/asr/80916e31-1e0f-463f-b12a-a85f59a0bdc1.fe135a8014fd6e2e3e8375bab029fe31.jpeg?odnHeight=180odnWidth=180odnBg=ffffff,,,17.83
115,5,1,150 2-Ply Sheets per Roll Toilet Paper  4 Rolls,Toilet Paper,|https://i5.walmartimages.com/asr/6a4d46da-4094-4829-aac9-84319cfad40f.936209eaf7214446099d8aa56b622c62.jpeg?odnHeight=180odnWidth=180odnBg=ffffff,,,0.98
116,0,1,Cottonelle Ultra Comfort Toilet Paper  30 Mega Rolls,Toilet Paper,|https://i5.walmartimages.com/asr/ff490d82-4708-4a1e-bca5-fd2e21f9656d.7c956800bf0922f356cb8f44c168f52d.jpeg?odnHeight=180odnWidth=180odnBg=ffffff,,,25.98
117,4,1,Scott 1 000 Sheets per Roll Toilet Paper  20 Rolls,Toilet Paper,|https://i5.walmartimages.com/asr/80916e31-1e0f-463f-b12a-a85f59a0bdc1.fe135a8014fd6e2e3e8375bab029fe31.jpeg?odnHeight=180odnWidth=180odnBg=FFFFFF,,,17.83
118,5,1,Scott 1 000 Toilet Paper  4 Rolls  1 000 Sheets per Roll,Toilet Paper,|https://i5.walmartimages.com/asr/d99a08ce-c68d-4a7c-885b-86175103688f.094349f269cc162c16ca39d9499281c8.jpeg?odnHeight=180odnWidth=180odnBg=FFFFFF,,,5.22
119,4,1,Cottonelle Ultra Clean Toilet Paper  12 Mega Rolls,Toilet Paper,|https://i5.walmartimages.com/asr/eba565ed-6792-4ec3-bea2-a89d3da2cf0b.05380ce55970fc8d80c5b03f5d63ebc5.jpeg?odnHeight=180odnWidth=180odnBg=ffffff,,,12.98
120,5,1,Cottonelle Ultra Comfort Toilet Paper  12 Mega Rolls,Toilet Paper,|https://i5.walmartimages.com/asr/dd79a314-4f28-4a13-8229-e87c7b329323.f10fcfcb229b9bbcd661bd2db6c36aed.jpeg?odnHeight=180odnWidth=180odnBg=ffffff,,,12.98
121,4,1,Charmin Ultra Strong Toilet Paper  30 Mega Rolls,Toilet Paper,|https://i5.walmartimages.com/asr/44ba50b3-9d3a-4ef5-a61b-e19f2863ddcd.ac5c6aa494886f50aa4d29b3c8cff4ba.jpeg?odnHeight=180odnWidth=180odnBg=ffffff,,,32.98
122,3,1,Scott 1 000 Toilet Paper  4 Rolls  1 000 Sheets per Roll,Toilet Paper,|https://i5.walmartimages.com/asr/d99a08ce-c68d-4a7c-885b-86175103688f.094349f269cc162c16ca39d9499281c8.jpeg?odnHeight=180odnWidth=180odnBg=ffffff,,,5.22
123,2,1,Great Value Ultra Strong Toilet Paper  18 Mega Rolls,Toilet Paper,|https://i5.walmartimages.com/asr/a8df1336-9dd9-471a-876b-8e20d86c5f86.da0a362e9dcb84db46637c5892e04821.jpeg?odnHeight=180odnWidth=180odnBg=ffffff,,,17.96
124,3,1,Cottonelle Ultra Comfort Toilet Paper  24 Mega Rolls,Toilet Paper,|https://i5.walmartimages.com/asr/84283ae0-556c-470c-a54c-c4ff38efc4a6.a6c823ebbef7b2b104e4c5155797163b.jpeg?odnHeight=180odnWidth=180odnBg=ffffff,,,20.98
125,4,1,Great Value Soft amp; Strong Premium Toilet Paper  12 Mega Rolls,Toilet Paper,|https://i5.walmartimages.com/asr/89e1e0ca-53ea-4e0f-ad33-8119e50f5ddb.b58a1b821f57ebba05a668704652922a.jpeg?odnHeight=180odnWidth=180odnBg=ffffff,,,10.98
126,1,1,Scott Rapid-Dissolving Toilet Paper  4 Double Rolls,Toilet Paper,|https://i5.walmartimages.com/asr/39538b3a-92d9-49d7-a47d-9f17559fe14e.383fec70248adc9f0e4b91a71d378953.jpeg?odnHeight=180odnWidth=180odnBg=FFFFFF,,,3.38
127,5,1,Angel Soft Toilet Paper  12 Mega Rolls,Toilet Paper,|https://i5.walmartimages.com/asr/59f447c9-ee28-428e-b5b1-698f6fd8dd47.27ef69f3d5b0fa50ce7b17020dc718e6.jpeg?odnHeight=180odnWidth=180odnBg=FFFFFF,,,7.96
128,0,1,Cottonelle Ultra Clean Toilet Paper  6 Mega Rolls,Toilet Paper,|https://i5.walmartimages.com/asr/c3b19d30-67f4-434a-a70e-8c56e5b3e104.3f3175aa3ad17f6c17c0302abe7816e6.jpeg?odnHeight=180odnWidth=180odnBg=FFFFFF,,,6.98
129,1,1,Charmin Ultra Soft Toilet Paper  30 Mega Rolls,Toilet Paper,|https://i5.walmartimages.com/asr/f26bd181-8105-4510-9041-d86ab7f8e29f.d8f5f8619b520afb0970c2216549d433.jpeg?odnHeight=180odnWidth=180odnBg=ffffff,,,32.98
130,5,1,Scott Rapid-Dissolving Toilet Paper  8 Double Rolls,Toilet Paper,|https://i5.walmartimages.com/asr/d43651b1-6976-474a-ae95-14a5fbdc3070.0a6569eea91cc3c545f03584234cdec3.jpeg?odnHeight=180odnWidth=180odnBg=ffffff,,,6.28
131,3,1,Cottonelle Ultra Clean Toilet Paper  24 Mega Rolls,Toilet Paper,|https://i5.walmartimages.com/asr/3986eeea-ea4e-4b2b-865a-bd58baabc448.298826e72c06c5bc4c314f128b31f68e.jpeg?odnHeight=180odnWidth=180odnBg=ffffff,,,20.98
132,3,1,Angel Soft Toilet Paper  24 Mega Rolls,Toilet Paper,|https://i5.walmartimages.com/asr/1e2351cc-6e05-4ae9-a890-e54183ba43df.86c9beedd00ae3095717c1fc9a47ea25.jpeg?odnHeight=180odnWidth=180odnBg=ffffff,,,17.12
133,2,1,Charmin Ultra Strong Toilet Paper  9 Mega Roll,Toilet Paper,|https://i5.walmartimages.com/asr/f70987d2-df9f-4d93-8e27-ac692476d7ad.785f7b00883ac216c40982e0324a07d0.jpeg?odnHeight=180odnWidth=180odnBg=ffffff,,,11.86
134,4,1,Great Value Ultra Strong Toilet Paper  12 Mega Rolls,Toilet Paper,|https://i5.walmartimages.com/asr/dbd8a578-5d14-4547-8793-ad4d206d4eb6.26121f3a48682ae1c471b8b83f4760b9.jpeg?odnHeight=180odnWidth=180odnBg=ffffff,,,12.98
135,2,1,Angel Soft Toilet Paper with Fresh Lavender Scented Tube  12 Mega Rolls,Toilet Paper,|https://i5.walmartimages.com/asr/b40d2d3d-3830-4b60-8f77-d1cd3951bfcb.318fc02002779ab19f598d5e67566ca2.jpeg?odnHeight=180odnWidth=180odnBg=ffffff,,,8.86
136,4,1,Quilted Northern Ultra Plush Toilet Paper  12 Mega Rolls,Toilet Paper,|https://i5.walmartimages.com/asr/10b4d824-b99b-4b9e-8ae3-ff39615723b6.cd82caa48914a998b6176fe2639d7210.jpeg?odnHeight=180odnWidth=180odnBg=ffffff,,,13.63
137,0,1,Charmin Essentials Soft Toilet Paper  12 Mega Rolls,Toilet Paper,|https://i5.walmartimages.com/asr/20b4f31f-6e56-4170-8fe1-48668e3bf33e.012cc50fbb729fc48a978d768f7ae233.jpeg?odnHeight=180odnWidth=180odnBg=ffffff,,,11.52
138,4,1,Cottonelle Ultra Clean Toilet Paper  30 Mega Rolls,Toilet Paper,|https://i5.walmartimages.com/asr/970d1817-00f5-4409-9ff9-60e88cca1732.3433e87e81238078c00e19eab2225d54.jpeg?odnHeight=180odnWidth=180odnBg=ffffff,,,25.98
139,5,1,Great Value Ultra Soft Toilet Paper  12 Mega Rolls,Toilet Paper,|https://i5.walmartimages.com/asr/47adcdfc-7506-4935-85a0-910a3f9c173d.67944ec9e66e0300188a61ceef13110f.png?odnHeight=180odnWidth=180odnBg=ffffff,,,12.98
140,3,1,Quilted Northern Ultra Plush Toilet Paper  18 Mega Rolls,Toilet Paper,|https://i5.walmartimages.com/asr/60198024-62a7-45b8-bd25-b1fac4f95b01.1d2c9d0a210d6b8af3daa0531b695c19.jpeg?odnHeight=180odnWidth=180odnBg=ffffff,,,18.87
141,2,1,Quilted Northern Ultra Soft amp; Strong Toilet Paper  12 Mega Rolls,Toilet Paper,|https://i5.walmartimages.com/asr/c63f9075-4a01-467e-8f87-6ca799cb6ea4.ca3a06f71060a5f269fe916e0f59ba1c.jpeg?odnHeight=180odnWidth=180odnBg=ffffff,,,29.99
142,3,1,Quilted Northern Ultra Plush Toilet Paper  12 Mega Rolls,Toilet Paper,|https://i5.walmartimages.com/asr/fff62a2a-e0e4-4130-922f-f00944680a54.a6222663a0c4599a445d216a847d65fb.jpeg?odnHeight=180odnWidth=180odnBg=ffffff,,,29.84
143,3,1,Quilted Northern Ultra Plush Toilet Paper  6 Mega Rolls,Toilet Paper,|https://i5.walmartimages.com/asr/17f04299-b641-4e99-81e4-17bdabe8af07.860c2145945e787addb5e6f75cac7d07.jpeg?odnHeight=180odnWidth=180odnBg=ffffff,,,24.99
144,3,1,Great Value Soft amp; Strong Premium Toilet Paper  6 Mega Rolls,Toilet Paper,|https://i5.walmartimages.com/asr/4a1b0a88-b7d2-4d01-a2bf-6f1af763f0c4.b013279a9976a434ebc861af43d334d7.jpeg?odnHeight=180odnWidth=180odnBg=ffffff,,,7.84
145,2,1,Charmin Ultra Strong Toilet Paper 12 Mega Rolls  242 Sheets Per Roll,Toilet Paper,|https://i5.walmartimages.com/asr/b4b432ba-3f2c-4c79-b209-4cd63effbfa7.448d23cf93378acdadab1b38c72b21ac.jpeg?odnHeight=180odnWidth=180odnBg=ffffff,,,14.97
146,3,1,Charmin Ultra Soft Toilet Paper 12 Mega Rolls  244 Sheets Per Roll,Toilet Paper,|https://i5.walmartimages.com/asr/9c72898a-326b-4c41-885d-0ff03d6f04c8.1dc98e652757b271eae97d28a543f89c.jpeg?odnHeight=180odnWidth=180odnBg=ffffff,,,14.97
147,5,2,Charmin Ultra Strong Toilet Paper  12 Super Mega Rolls,Toilet Paper,|https://i5.walmartimages.com/asr/224d0ef7-cccf-4394-bd76-8a7a7295e139.b5e944654ae3a20a609110dff85207f2.png?odnHeight=180odnWidth=180odnBg=FFFFFF,,,20.96
148,4,2,Charmin Ultra Soft Toilet Paper  12 Super Mega Rolls,Toilet Paper,|https://i5.walmartimages.com/asr/dc640372-cf2d-4b9e-8837-f6173f04c3ab.e07155b57754bc9b2bc1c86fe17c49e3.jpeg?odnHeight=180odnWidth=180odnBg=FFFFFF,,,20.96
149,3,2,Quilted Northern Ultra Plush Toilet Paper  12 Mega Rolls,Toilet Paper,|https://i5.walmartimages.com/asr/10b4d824-b99b-4b9e-8ae3-ff39615723b6.cd82caa48914a998b6176fe2639d7210.jpeg?odnHeight=180odnWidth=180odnBg=FFFFFF,,,13.63
150,3,2,Charmin Ultra Soft Toilet Paper  30 Mega Rolls,Toilet Paper,|https://i5.walmartimages.com/asr/f26bd181-8105-4510-9041-d86ab7f8e29f.d8f5f8619b520afb0970c2216549d433.jpeg?odnHeight=180odnWidth=180odnBg=FFFFFF,,,32.98
151,2,2,Angel Soft Toilet Paper  9 Mega Rolls,Toilet Paper,|https://i5.walmartimages.com/asr/d61b0308-6605-4117-bba7-8068bba32c52.f1bc2b998e82a7733084750492ff1d73.jpeg?odnHeight=180odnWidth=180odnBg=ffffff,,,6.36
152,2,2,Great Value Soft amp; Strong Premium Toilet Paper  24 Mega Rolls,Toilet Paper,|https://i5.walmartimages.com/asr/ebad8e81-0d1d-4d35-b852-27f6fdd18fb1.6ad517a8f022766be23e89e2e693dee6.jpeg?odnHeight=180odnWidth=180odnBg=ffffff,,,18.62
153,1,2,Great Value Ultra Strong Toilet Paper  6 Mega Rolls,Toilet Paper,|https://i5.walmartimages.com/asr/36f639be-29c1-4457-8c99-bfd43a74ac70.ddb055d6e0c8d573c5bdadd9a854e0c6.jpeg?odnHeight=180odnWidth=180odnBg=ffffff,,,7.22
154,5,2,Great Value Ultra Strong Toilet Paper  30 Mega Rolls,Toilet Paper,|https://i5.walmartimages.com/asr/f83e51ad-2ed3-4fcb-ac43-7e27143f3ab3.7fbdff6a5ba756115c1cd317f2940e96.jpeg?odnHeight=180odnWidth=180odnBg=ffffff,,,33.12
155,2,2,Angel Soft Toilet Paper  12 Mega Rolls,Toilet Paper,|https://i5.walmartimages.com/asr/59f447c9-ee28-428e-b5b1-698f6fd8dd47.27ef69f3d5b0fa50ce7b17020dc718e6.jpeg?odnHeight=180odnWidth=180odnBg=ffffff,,,7.96
156,0,2,Charmin Ultra Soft Toilet Paper  6 Mega Rolls,Toilet Paper,|https://i5.walmartimages.com/asr/a756079a-d9d0-4044-8a94-984c5c0af9d2.12bbb28faec766b125cecafff5da34a2.jpeg?odnHeight=180odnWidth=180odnBg=ffffff,,,8.37
157,2,2,Charmin Ultra Soft Toilet Paper  24 Mega Rolls,Toilet Paper,|https://i5.walmartimages.com/asr/a5740d47-0692-481a-b28f-a31290f28c8d.937e2f39101b51ba3ac0a66e299fe260.jpeg?odnHeight=180odnWidth=180odnBg=FFFFFF,,,26.48
158,5,2,Scott 1 000 Toilet Paper  12 Rolls  1 000 Sheets per Roll,Toilet Paper,|https://i5.walmartimages.com/asr/44414a08-5262-404e-b603-1ac9ec8c42c4.21a46cb0539b6a7f7af73dddad815a68.jpeg?odnHeight=180odnWidth=180odnBg=FFFFFF,,,11.84
159,1,2,Great Value 1 000 Sheets per Roll Toilet Paper  16 Rolls,Toilet Paper,|https://i5.walmartimages.com/asr/8bab2a63-126f-4497-8ed6-47352dea31b5.5d1644c2c9ec030a173814d9e5292d52.jpeg?odnHeight=180odnWidth=180odnBg=ffffff,,,11.24
160,4,2,Scott 1 000 Toilet Paper  12 Rolls  1 000 Sheets per Roll,Toilet Paper,|https://i5.walmartimages.com/asr/44414a08-5262-404e-b603-1ac9ec8c42c4.21a46cb0539b6a7f7af73dddad815a68.jpeg?odnHeight=180odnWidth=180odnBg=ffffff,,,11.84
161,3,2,Angel Soft Toilet Paper  18 Mega Rolls,Toilet Paper,|https://i5.walmartimages.com/asr/565bcf83-1024-4d0a-9d25-377432a92faa.011860e705cb5eaaa50ad3bfaafb40c0.jpeg?odnHeight=180odnWidth=180odnBg=ffffff,,,13.12
162,2,2,Charmin Ultra Strong Toilet Paper  6 Mega Rolls,Toilet Paper,|https://i5.walmartimages.com/asr/fe102b54-dc4a-4039-8235-fe6b15096dfd.38fefd58714f4f17b336b514eddc0634.jpeg?odnHeight=180odnWidth=180odnBg=ffffff,,,8.37
163,2,2,Great Value Soft amp; Strong Premium Toilet Paper  18 Mega Rolls,Toilet Paper,|https://i5.walmartimages.com/asr/74eeeb7f-446d-47af-8d62-53f1255a7b2c.fdc6e93cab4211df1020c528cb6a215d.jpeg?odnHeight=180odnWidth=180odnBg=ffffff,,,14.82
164,4,2,Scott 1 000 Sheets per Roll Toilet Paper  20 Rolls,Toilet Paper,|https://i5.walmartimages.com/asr/80916e31-1e0f-463f-b12a-a85f59a0bdc1.fe135a8014fd6e2e3e8375bab029fe31.jpeg?odnHeight=180odnWidth=180odnBg=ffffff,,,17.83
165,5,2,150 2-Ply Sheets per Roll Toilet Paper  4 Rolls,Toilet Paper,|https://i5.walmartimages.com/asr/6a4d46da-4094-4829-aac9-84319cfad40f.936209eaf7214446099d8aa56b622c62.jpeg?odnHeight=180odnWidth=180odnBg=ffffff,,,0.98
166,1,2,Cottonelle Ultra Comfort Toilet Paper  30 Mega Rolls,Toilet Paper,|https://i5.walmartimages.com/asr/ff490d82-4708-4a1e-bca5-fd2e21f9656d.7c956800bf0922f356cb8f44c168f52d.jpeg?odnHeight=180odnWidth=180odnBg=ffffff,,,25.98
167,5,2,Scott 1 000 Sheets per Roll Toilet Paper  20 Rolls,Toilet Paper,|https://i5.walmartimages.com/asr/80916e31-1e0f-463f-b12a-a85f59a0bdc1.fe135a8014fd6e2e3e8375bab029fe31.jpeg?odnHeight=180odnWidth=180odnBg=FFFFFF,,,17.83
168,1,2,Scott 1 000 Toilet Paper  4 Rolls  1 000 Sheets per Roll,Toilet Paper,|https://i5.walmartimages.com/asr/d99a08ce-c68d-4a7c-885b-86175103688f.094349f269cc162c16ca39d9499281c8.jpeg?odnHeight=180odnWidth=180odnBg=FFFFFF,,,5.22
169,0,2,Cottonelle Ultra Clean Toilet Paper  12 Mega Rolls,Toilet Paper,|https://i5.walmartimages.com/asr/eba565ed-6792-4ec3-bea2-a89d3da2cf0b.05380ce55970fc8d80c5b03f5d63ebc5.jpeg?odnHeight=180odnWidth=180odnBg=ffffff,,,12.98
170,1,2,Cottonelle Ultra Comfort Toilet Paper  12 Mega Rolls,Toilet Paper,|https://i5.walmartimages.com/asr/dd79a314-4f28-4a13-8229-e87c7b329323.f10fcfcb229b9bbcd661bd2db6c36aed.jpeg?odnHeight=180odnWidth=180odnBg=ffffff,,,12.98
171,0,2,Charmin Ultra Strong Toilet Paper  30 Mega Rolls,Toilet Paper,|https://i5.walmartimages.com/asr/44ba50b3-9d3a-4ef5-a61b-e19f2863ddcd.ac5c6aa494886f50aa4d29b3c8cff4ba.jpeg?odnHeight=180odnWidth=180odnBg=ffffff,,,32.98
172,5,2,Scott 1 000 Toilet Paper  4 Rolls  1 000 Sheets per Roll,Toilet Paper,|https://i5.walmartimages.com/asr/d99a08ce-c68d-4a7c-885b-86175103688f.094349f269cc162c16ca39d9499281c8.jpeg?odnHeight=180odnWidth=180odnBg=ffffff,,,5.22
173,5,2,Great Value Ultra Strong Toilet Paper  18 Mega Rolls,Toilet Paper,|https://i5.walmartimages.com/asr/a8df1336-9dd9-471a-876b-8e20d86c5f86.da0a362e9dcb84db46637c5892e04821.jpeg?odnHeight=180odnWidth=180odnBg=ffffff,,,17.96
174,1,2,Cottonelle Ultra Comfort Toilet Paper  24 Mega Rolls,Toilet Paper,|https://i5.walmartimages.com/asr/84283ae0-556c-470c-a54c-c4ff38efc4a6.a6c823ebbef7b2b104e4c5155797163b.jpeg?odnHeight=180odnWidth=180odnBg=ffffff,,,20.98
175,3,2,Great Value Soft amp; Strong Premium Toilet Paper  12 Mega Rolls,Toilet Paper,|https://i5.walmartimages.com/asr/89e1e0ca-53ea-4e0f-ad33-8119e50f5ddb.b58a1b821f57ebba05a668704652922a.jpeg?odnHeight=180odnWidth=180odnBg=ffffff,,,10.98
176,5,2,Scott Rapid-Dissolving Toilet Paper  4 Double Rolls,Toilet Paper,|https://i5.walmartimages.com/asr/39538b3a-92d9-49d7-a47d-9f17559fe14e.383fec70248adc9f0e4b91a71d378953.jpeg?odnHeight=180odnWidth=180odnBg=FFFFFF,,,3.38
177,5,2,Angel Soft Toilet Paper  12 Mega Rolls,Toilet Paper,|https://i5.walmartimages.com/asr/59f447c9-ee28-428e-b5b1-698f6fd8dd47.27ef69f3d5b0fa50ce7b17020dc718e6.jpeg?odnHeight=180odnWidth=180odnBg=FFFFFF,,,7.96
178,5,2,Cottonelle Ultra Clean Toilet Paper  6 Mega Rolls,Toilet Paper,|https://i5.walmartimages.com/asr/c3b19d30-67f4-434a-a70e-8c56e5b3e104.3f3175aa3ad17f6c17c0302abe7816e6.jpeg?odnHeight=180odnWidth=180odnBg=FFFFFF,,,6.98
179,4,2,Charmin Ultra Soft Toilet Paper  30 Mega Rolls,Toilet Paper,|https://i5.walmartimages.com/asr/f26bd181-8105-4510-9041-d86ab7f8e29f.d8f5f8619b520afb0970c2216549d433.jpeg?odnHeight=180odnWidth=180odnBg=ffffff,,,32.98
180,5,2,Scott Rapid-Dissolving Toilet Paper  8 Double Rolls,Toilet Paper,|https://i5.walmartimages.com/asr/d43651b1-6976-474a-ae95-14a5fbdc3070.0a6569eea91cc3c545f03584234cdec3.jpeg?odnHeight=180odnWidth=180odnBg=ffffff,,,6.28
181,1,2,Cottonelle Ultra Clean Toilet Paper  24 Mega Rolls,Toilet Paper,|https://i5.walmartimages.com/asr/3986eeea-ea4e-4b2b-865a-bd58baabc448.298826e72c06c5bc4c314f128b31f68e.jpeg?odnHeight=180odnWidth=180odnBg=ffffff,,,20.98
182,5,2,Angel Soft Toilet Paper  24 Mega Rolls,Toilet Paper,|https://i5.walmartimages.com/asr/1e2351cc-6e05-4ae9-a890-e54183ba43df.86c9beedd00ae3095717c1fc9a47ea25.jpeg?odnHeight=180odnWidth=180odnBg=ffffff,,,17.12
183,3,2,Charmin Ultra Strong Toilet Paper  9 Mega Roll,Toilet Paper,|https://i5.walmartimages.com/asr/f70987d2-df9f-4d93-8e27-ac692476d7ad.785f7b00883ac216c40982e0324a07d0.jpeg?odnHeight=180odnWidth=180odnBg=ffffff,,,11.86
184,0,2,Great Value Ultra Strong Toilet Paper  12 Mega Rolls,Toilet Paper,|https://i5.walmartimages.com/asr/dbd8a578-5d14-4547-8793-ad4d206d4eb6.26121f3a48682ae1c471b8b83f4760b9.jpeg?odnHeight=180odnWidth=180odnBg=ffffff,,,12.98
185,3,2,Angel Soft Toilet Paper with Fresh Lavender Scented Tube  12 Mega Rolls,Toilet Paper,|https://i5.walmartimages.com/asr/b40d2d3d-3830-4b60-8f77-d1cd3951bfcb.318fc02002779ab19f598d5e67566ca2.jpeg?odnHeight=180odnWidth=180odnBg=ffffff,,,8.86
186,5,2,Quilted Northern Ultra Plush Toilet Paper  12 Mega Rolls,Toilet Paper,|https://i5.walmartimages.com/asr/10b4d824-b99b-4b9e-8ae3-ff39615723b6.cd82caa48914a998b6176fe2639d7210.jpeg?odnHeight=180odnWidth=180odnBg=ffffff,,,13.63
187,5,2,Charmin Essentials Soft Toilet Paper  12 Mega Rolls,Toilet Paper,|https://i5.walmartimages.com/asr/20b4f31f-6e56-4170-8fe1-48668e3bf33e.012cc50fbb729fc48a978d768f7ae233.jpeg?odnHeight=180odnWidth=180odnBg=ffffff,,,11.52
188,1,2,Cottonelle Ultra Clean Toilet Paper  30 Mega Rolls,Toilet Paper,|https://i5.walmartimages.com/asr/970d1817-00f5-4409-9ff9-60e88cca1732.3433e87e81238078c00e19eab2225d54.jpeg?odnHeight=180odnWidth=180odnBg=ffffff,,,25.98
189,1,2,Great Value Ultra Soft Toilet Paper  12 Mega Rolls,Toilet Paper,|https://i5.walmartimages.com/asr/47adcdfc-7506-4935-85a0-910a3f9c173d.67944ec9e66e0300188a61ceef13110f.png?odnHeight=180odnWidth=180odnBg=ffffff,,,12.98
190,1,2,Quilted Northern Ultra Plush Toilet Paper  18 Mega Rolls,Toilet Paper,|https://i5.walmartimages.com/asr/60198024-62a7-45b8-bd25-b1fac4f95b01.1d2c9d0a210d6b8af3daa0531b695c19.jpeg?odnHeight=180odnWidth=180odnBg=ffffff,,,18.87
191,1,2,Quilted Northern Ultra Soft amp; Strong Toilet Paper  12 Mega Rolls,Toilet Paper,|https://i5.walmartimages.com/asr/c63f9075-4a01-467e-8f87-6ca799cb6ea4.ca3a06f71060a5f269fe916e0f59ba1c.jpeg?odnHeight=180odnWidth=180odnBg=ffffff,,,29.99
192,2,2,Quilted Northern Ultra Plush Toilet Paper  12 Mega Rolls,Toilet Paper,|https://i5.walmartimages.com/asr/fff62a2a-e0e4-4130-922f-f00944680a54.a6222663a0c4599a445d216a847d65fb.jpeg?odnHeight=180odnWidth=180odnBg=ffffff,,,29.84
193,2,2,Quilted Northern Ultra Plush Toilet Paper  6 Mega Rolls,Toilet Paper,|https://i5.walmartimages.com/asr/17f04299-b641-4e99-81e4-17bdabe8af07.860c2145945e787addb5e6f75cac7d07.jpeg?odnHeight=180odnWidth=180odnBg=ffffff,,,24.99
194,2,2,Great Value Soft amp; Strong Premium Toilet Paper  6 Mega Rolls,Toilet Paper,|https://i5.walmartimages.com/asr/4a1b0a88-b7d2-4d01-a2bf-6f1af763f0c4.b013279a9976a434ebc861af43d334d7.jpeg?odnHeight=180odnWidth=180odnBg=ffffff,,,7.84
195,2,2,Charmin Ultra Strong Toilet Paper 12 Mega Rolls  242 Sheets Per Roll,Toilet Paper,|https://i5.walmartimages.com/asr/b4b432ba-3f2c-4c79-b209-4cd63effbfa7.448d23cf93378acdadab1b38c72b21ac.jpeg?odnHeight=180odnWidth=180odnBg=ffffff,,,14.97
196,0,2,Charmin Ultra Soft Toilet Paper 12 Mega Rolls  244 Sheets Per Roll,Toilet Paper,|https://i5.walmartimages.com/asr/9c72898a-326b-4c41-885d-0ff03d6f04c8.1dc98e652757b271eae97d28a543f89c.jpeg?odnHeight=180odnWidth=180odnBg=ffffff,,,14.97
197,0,3,Ablanczoom Women Walking 7.5 Shoes Mesh Breathable Casual Running Sneakers,Shoes,|https://i5.walmartimages.com/asr/8ce70768-a74e-469a-aefc-f9fef0225c37.7b631c276d4ae5a8a67e7e7672b1a541.jpeg?odnHeight=180odnWidth=180odnBg=FFFFFF,,,22.99
198,0,3,HISEA Non Slip Shoes for Men Lightweight Chef Shoes Nurse Shoes Comfortable Mens Slip On Shoes Black Size 12,Shoes,|https://i5.walmartimages.com/asr/116a08d0-478b-4699-a065-5d1c2d0d930a.76bd41f381060ef784a4acc385af76fa.jpeg?odnHeight=180odnWidth=180odnBg=FFFFFF,,,33.00
199,5,3,Harvest Land Toddler Girls Glitter Sneakers Sparkle Fashion Tennis Breathable Running Shoes Size 6-12,Shoes,|https://i5.walmartimages.com/asr/407ddee8-847c-40ab-a437-e7acc450f911.55819c75dedb6ad98a8168f0d79f1cc0.jpeg?odnHeight=180odnWidth=180odnBg=FFFFFF,,,22.00
200,5,3,Women Sock Walking Shoes Breathable Lightweight Fashion Casual Workout Sneakers Navy Size 8.5,Shoes,|https://i5.walmartimages.com/asr/801eeac6-0a3b-4eb2-bfa0-1a895f76fa04.deb6a1ac86838ab961a261dfd69b5f5b.jpeg?odnHeight=180odnWidth=180odnBg=FFFFFF,,,13.99
201,3,3,Wonder Nation Little amp; Big Boys Sport Flip Flops  Sizes 11/12-6,Shoes,|https://i5.walmartimages.com/asr/d95e89f6-7d04-4ca1-97e4-be0347297c56.f633e5bc4269862a3a866e28442d090f.jpeg?odnHeight=180odnWidth=180odnBg=FFFFFF,,,9.98
202,1,3,Madden NYC Little amp; Big Girls Gladiator Sandal  Sizes 13-5,Shoes,|https://i5.walmartimages.com/asr/d9b4bfb8-10de-4ae1-9b05-564ba8fc7dc9.ea24a13b9cc8197f27f8cde375c1483b.jpeg?odnHeight=180odnWidth=180odnBg=FFFFFF,,,25.00
203,3,3,Time and Tru Womens Three Band Sandal,Shoes,|https://i5.walmartimages.com/asr/bbd8a903-f6df-42eb-b5fa-0665226fb64f.b9f929d5a856f61b530ca8b8d33c43c9.jpeg?odnHeight=180odnWidth=180odnBg=FFFFFF,,,16.98
204,5,3,No Boundaries Womens Wedge Thong Sandals,Shoes,|https://i5.walmartimages.com/asr/fc539b49-21c2-4840-8ec9-dc8610f49049.988caeb6f90099ac656b0c2fba02e71d.jpeg?odnHeight=180odnWidth=180odnBg=FFFFFF,,,13.98
205,4,3,Avia Mens Swift Trail Athletic Shoes,Shoes,|https://i5.walmartimages.com/asr/baee4760-1e19-40e4-afe1-c9895c96379f.0818030f0db6f340fe075c5f4a65c0a2.jpeg?odnHeight=180odnWidth=180odnBg=FFFFFF,,,29.98
206,3,3,AND1 Mens Swish 2.0 Adjustable Slide Sandals,Shoes,|https://i5.walmartimages.com/asr/a7658431-1006-4371-96bc-aa2cda9ceb04.a7a0d365d9fd7af87d59ea315208d264.jpeg?odnHeight=180odnWidth=180odnBg=FFFFFF,,,16.98
207,1,3,Fashion Casual Thick-soled Increased Sports Casual Sneakers Women’s Orthopedic Comfy Shoes,Shoes,|https://i5.walmartimages.com/asr/9b7d97d2-8481-454f-ac22-57555b8c8417.c675359553e05f81192e81990a2ba9e3.jpeg?odnHeight=180odnWidth=180odnBg=FFFFFF,,,19.88
208,0,3,HOBIBEAR Womens Walking Shoes Slip On Elastic Knit Running Shoes Mesh Breathable Workout Sneakers,Shoes,|https://i5.walmartimages.com/asr/fce811d6-e9ae-434e-a98a-5c495499b504.a6f223c6c238958ee842ef2f3a527d95.jpeg?odnHeight=180odnWidth=180odnBg=FFFFFF,,,19.99
209,0,3,Justice Little Girl amp; Big Girl Fashion Athletic Sneaker  Sizes 13-6,Shoes,|https://i5.walmartimages.com/asr/a17f3def-b3d1-47af-8c4f-53c177fa7e47.3cf4f5f5597852e007cb8c686eec8139.jpeg?odnHeight=180odnWidth=180odnBg=FFFFFF,,,17.00
210,2,3,Crocs Unisex Baya Clog Sandal,Shoes,|https://i5.walmartimages.com/asr/d659347f-f14c-4845-8b57-af48bd96da75.577a58425f2be32552cde63a00dff3d0.jpeg?odnHeight=180odnWidth=180odnBg=FFFFFF,,,34.99
211,4,3,Wonder Nation Toddler Boys Double Buckle Sandal  Sizes 5/6-11/12,Shoes,|https://i5.walmartimages.com/asr/5e17be26-bce7-4a78-a705-a65ece3f68d9.e0e29e67b033fb052695983868744d1a.jpeg?odnHeight=180odnWidth=180odnBg=FFFFFF,,,9.98
212,4,3,Airwalk Boys Huntington Lace Up Sneakers  Sizes 13-6,Shoes,|https://i5.walmartimages.com/asr/331805b1-3508-4d32-9a55-1347458e90ea.9a5f214d6cb96e424affc69ef40c4cb7.jpeg?odnHeight=180odnWidth=180odnBg=FFFFFF,,,24.00
213,2,3,Smiley Face Slippers for Women Men  Anti-Slip Soft Plush Comfy Indoor Slippers  US 7-8 (40-41),Shoes,|https://i5.walmartimages.com/asr/5f2c655a-b5c0-419b-ac5e-ab9d9c07506a.4daa703913e30f18206e91e2968b991d.jpeg?odnHeight=180odnWidth=180odnBg=FFFFFF,,,16.99
214,0,3,No Boundaries Womens Twin Gore Canvas Slip On Sneakers,Shoes,|https://i5.walmartimages.com/asr/044415ec-1d23-4e4d-870b-411cda6910e9.9a8fdd437a2312898778efb7093be2ee.jpeg?odnHeight=180odnWidth=180odnBg=FFFFFF,,,16.98
215,2,3,Obtaom Womens Canvas Fashion Sneakers Cute Low Top Shoes Comfortable Canvas walking Flats for Lady(Pink US8),Shoes,|https://i5.walmartimages.com/asr/e9c1230c-158d-40ff-86d6-168e4ca76102.23639c086507a9089e03074db19f9573.jpeg?odnHeight=180odnWidth=180odnBg=FFFFFF,,,20.99
216,5,3,Water Shoes-Pink-Size 9,Shoes,|https://i5.walmartimages.com/asr/aa65f214-7ffe-4420-8465-5d5ecc22744e_1.954c3ca9a068882e2cc4f3a9463f7dc0.jpeg?odnHeight=180odnWidth=180odnBg=ffffff,,,16.99
217,0,3,STQ Womens Walking Shoes Slip on Cushioned Breathable Sneakers All Black US 8,Shoes,|https://i5.walmartimages.com/asr/7bad6c5b-f1d4-4d6d-aab0-9c432ccec311.0505d5ab0e6761a87ab747587d7d4b29.jpeg?odnHeight=180odnWidth=180odnBg=FFFFFF,,,35.90
218,3,3,Hobibear Womens Running Shoes Athletic Fashion Breathable Lightweight Casual Sneakers （Size 5.5-10）,Shoes,|https://i5.walmartimages.com/asr/d0d0626f-a58f-49b6-ac4f-c97a8b549d26.784275f6372f9d207bfec4e1447f55c4.jpeg?odnHeight=180odnWidth=180odnBg=FFFFFF,,,20.88
219,1,3,Hobibear Fashion Running Sneaker for Men Shoes Casual Shoes Leather Sport Shoes Breathable Comfortable Walking Shoes Black US11,Shoes,|https://i5.walmartimages.com/asr/22b9f33f-da90-42b1-a917-74757e49d6de.017a1b26f54becd306147405fb789b51.jpeg?odnHeight=180odnWidth=180odnBg=FFFFFF,,,19.16
220,0,3,Damyuan Fashion Sneakers Mens Running Shoes Athletic Sport Lightweight Breathable Mesh,Shoes,|https://i5.walmartimages.com/asr/6106df91-18e0-4501-8f56-e4a1040cd573.f9aff695f6986099599376336819b26b.jpeg?odnHeight=180odnWidth=180odnBg=FFFFFF,,,24.88
221,1,3,Zanvin Womens Slip On Sneakers Clearance Womens Ladies Shoes Casual Daily Buckle Closed Toe Platform Sneakers Mesh Shoes Slip On Shoes  Navy  40,Shoes,|https://i5.walmartimages.com/asr/73e386c4-a191-473b-9096-faf16e27239f.9d587d579890fbd5a7393b2a434f2df5.jpeg?odnHeight=180odnWidth=180odnBg=FFFFFF,,,19.51
222,3,3,i play. by green sprouts Baby Water Socks Shoe Pink 10,Shoes,|https://i5.walmartimages.com/asr/c54059b8-68ee-48fe-9d2e-eb3944435995.0b4cc63953a9695c04f16cf579ef3fa9.jpeg?odnHeight=180odnWidth=180odnBg=ffffff,,,14.99
223,5,3,RYDCOT Sandals Stretch Cloth Large Size Womens Summer Comfortable Casual Sports Shoes White 41,Shoes,|https://i5.walmartimages.com/asr/4f495f17-7c43-400a-adc6-92e2a4cdb3d7.b4e2de207e8eecda20c975939421da0a.jpeg?odnHeight=180odnWidth=180odnBg=FFFFFF,,,7.07
224,4,3,Crocs Unisex Classic Glitter II Clog,Shoes,|https://i5.walmartimages.com/asr/6e00d0cc-5b43-4a11-afe8-3771a7d9fe88.2c276a8e72a7cfeef7193b956d2ceaee.jpeg?odnHeight=180odnWidth=180odnBg=FFFFFF,,,54.99
225,3,3,Time and Tru Womens Platform Sneakers,Shoes,|https://i5.walmartimages.com/asr/fa3f88af-6807-4806-bc5d-cc1ef01dde81.b8b7b284275176e54c32bef335b1c84e.jpeg?odnHeight=180odnWidth=180odnBg=FFFFFF,,,19.98
226,1,3,Skechers Mens Relaxed Fit Expected Avillo Casual Slip-on Shoe (Wide Width Available),Shoes,|https://i5.walmartimages.com/asr/9d677721-203a-402d-b9a9-5e1b8f04d4bc.790c634448bc68426ffa249d3aab0d64.jpeg?odnHeight=180odnWidth=180odnBg=ffffff,,,41.99
227,3,3,Obtaom Womens Play Fashion Sneaker Coral Pink Comfortable Walking Shoes Sweet Pink Canvas Slip on Shoes(Pink US9),Shoes,|https://i5.walmartimages.com/asr/e47dd4c0-8983-4df9-9ef4-4048047d9e85.db8c7a5e63ecc892faf43f23a549d385.jpeg?odnHeight=180odnWidth=180odnBg=FFFFFF,,,22.99
228,0,3,VNANV Unisex LED Light up Shoes High Top Sneakers Flashing Shoes for Women and Men Teens with USB Rechargeable Glowing Luminous Shoes Pink,Shoes,|https://i5.walmartimages.com/asr/ab295068-b7dc-4669-a7ba-4ff59fa7d08f.e3e0c1110d00f349d41fc4e412c1c065.jpeg?odnHeight=180odnWidth=180odnBg=FFFFFF,,,38.90
229,2,3,Crocs Unisex Classic Marbled Clog,Shoes,|https://i5.walmartimages.com/asr/60ae6d1a-c6ea-4afe-a121-37bd579624a9.0c40befd1cb7fd74180039d200706908.jpeg?odnHeight=180odnWidth=180odnBg=ffffff,,,29.99
230,1,3,Mario amp; Luigi Light Up Athletic Sneaker  Sizes 10-2,Shoes,|https://i5.walmartimages.com/asr/68415d29-8f78-4d5e-84cd-3730f803a764.9f4e3a5867b2aabfd11a8f1ee3fd8ca5.jpeg?odnHeight=180odnWidth=180odnBg=FFFFFF,,,24.99
231,5,3,Time and Tru Womens Quilted Ballet Flats,Shoes,|https://i5.walmartimages.com/asr/b62a7a4a-32d5-4632-a9ae-cb93274561ac.5e5ca93c196c8645aacc035a04a90adb.jpeg?odnHeight=180odnWidth=180odnBg=FFFFFF,,,19.98
232,0,3,AND1 Little amp; Big Boys Lace-up Basketball Sneakers  Sizes 13-6,Shoes,|https://i5.walmartimages.com/asr/a3612a65-e4a1-44a5-9ce8-c8f044620e84.662bab8c4f3e33764c2f399a5768b49d.jpeg?odnHeight=180odnWidth=180odnBg=FFFFFF,,,21.98
233,5,3,George Mens Trent Rugged Slip on (Wide Width Available),Shoes,|https://i5.walmartimages.com/asr/854c1490-57a2-4ba1-8551-8f4880eaece3.fa1437083e25e336f101523160c2e34c.jpeg?odnHeight=180odnWidth=180odnBg=FFFFFF,,,27.98
234,4,3,Skechers Mens After Burn M. Fit Slip-on Athletic Walking Shoe (Wide Width Available),Shoes,|https://i5.walmartimages.com/asr/670c673f-94f5-492b-89df-b853bed6de16.2c1bb7234eeecf5226f9f94addb467ec.jpeg?odnHeight=180odnWidth=180odnBg=ffffff,,,47.00
235,0,3,Athletic Works Womens Lifestyle Jogger Sneakers  Wide Width Available,Shoes,|https://i5.walmartimages.com/asr/844bfc0a-8501-4cf2-bfed-be46e9b8c7f0.a70be81f35a1c5ddd116b2000b56a546.jpeg?odnHeight=180odnWidth=180odnBg=FFFFFF,,,17.35
236,3,3,Crocs Womens Classic Platform Glitter II Clog,Shoes,|https://i5.walmartimages.com/asr/f01356e5-b60c-48d0-a3ab-01d43f82db53.2bd008f6b9adb8c1f1368e2f202f3c9a.jpeg?odnHeight=180odnWidth=180odnBg=ffffff,,,34.99
237,1,3,Skechers Mens Relaxed Fit Superior Milford Casual Slip-on Sneaker (Wide Width Available),Shoes,|https://i5.walmartimages.com/asr/27783ee6-dc04-4bbd-af35-0ae0666248f2.0f96e521a52f97b748de5b5d19e5ff65.jpeg?odnHeight=180odnWidth=180odnBg=ffffff,,,41.99
238,5,3,Crocs Unisex Crocband Clog,Shoes,|https://i5.walmartimages.com/asr/fcd3fa70-92ce-4ea3-9dee-fd16cc798556_1.3107f35dc0a8bc138415ceba3fa40755.jpeg?odnHeight=180odnWidth=180odnBg=ffffff,,,36.99
239,3,3,Crocs Unisex Classic Lined Clog,Shoes,|https://i5.walmartimages.com/asr/9e917c15-840a-4882-9c6f-eb75bcffb384.5dcc40e4bdbc702ec831d8f21bbab71a.jpeg?odnHeight=180odnWidth=180odnBg=ffffff,,,34.99
240,2,3,Skechers Mens Glide Calculous Slip-on Shoe (Wide Width Available),Shoes,|https://i5.walmartimages.com/asr/e80c4854-a483-4914-b295-aa7221403405_1.8b3269652a1b93a4dc60c16b0da60345.jpeg?odnHeight=180odnWidth=180odnBg=ffffff,,,42.99
241,1,3,Skechers Mens Track Moulton Sneaker (Wide Width Available),Shoes,|https://i5.walmartimages.com/asr/73f60d90-cd16-4ba5-a262-08a33f2484be.bbb72374ed5fade371396aaddd46bf4a.jpeg?odnHeight=180odnWidth=180odnBg=ffffff,,,40.00
242,2,3,Crocs Unisex LiteRide Clog,Shoes,|https://i5.walmartimages.com/asr/dd62f226-5a28-4252-955d-b379993225dd.58d3d09221257ce213bd7c7128f7a926.jpeg?odnHeight=180odnWidth=180odnBg=ffffff,,,39.99
243,3,3,K-Swiss Womens Tubes Comfort 200 Athletic Training Shoe,Shoes,|https://i5.walmartimages.com/asr/f2b59e0a-ee9c-4a70-aeef-b48ee5b0ec05.8dc1af2d6ba584c4f029bb597732e3d1.jpeg?odnHeight=180odnWidth=180odnBg=FFFFFF,,,70.00
244,3,3,Airwalk Mens Huntington Lace Sneaker,Shoes,|https://i5.walmartimages.com/asr/6e13f29a-e33e-4b72-aae5-ac18f5437336.c71b397cb8123097cb8c1dd9c33f1b58.jpeg?odnHeight=180odnWidth=180odnBg=FFFFFF,,,25.00
245,1,3,Avia Womens Deluxe Athletic Sneaker  Wide Width Available,Shoes,|https://i5.walmartimages.com/asr/50bc5bdf-0baf-4d28-adb6-af6558c2fb3f.e3ba9575baa2e10142faec88707a326b.jpeg?odnHeight=180odnWidth=180odnBg=FFFFFF,,,22.98
246,3,3,YODETEY Non Slip Shoes Soft Leather Closed toe Vintage Anti-Slip Sandals for Women High-Quality,Shoes,|https://i5.walmartimages.com/asr/ddf9b2c6-de84-472c-aae2-104a98132903.c02c9844b9b65a235a4a32aa986c853d.jpeg?odnHeight=180odnWidth=180odnBg=FFFFFF,,,7.57
247,3,3,Galaxy by Harvic Men Classic Lounge Male Pants (Sizes  S-3XL),Pants,|https://i5.walmartimages.com/asr/ba339cd0-bc82-4054-acbe-fe3e3ad603b0.627a625908b67f214c01ae7bd456c3d5.jpeg?odnHeight=180odnWidth=180odnBg=FFFFFF,,,22.99
248,1,3,Genuine Dickies Flex Ripstop Range Pants,Pants,|https://i5.walmartimages.com/asr/c3fd15ff-7cf0-4074-8155-cb15f71c37ca.fecb0bffa70420077600d4e612697aca.jpeg?odnHeight=180odnWidth=180odnBg=FFFFFF,,,33.00
249,5,3,JWD Mens Drawstring Linen Pants Casual Summer Beach Loose Trousers Pure White-US 34,Pants,|https://i5.walmartimages.com/asr/000f5671-1157-48cb-a55e-de516961617e.3f7954e22d680847c12666fc2d517cb3.jpeg?odnHeight=180odnWidth=180odnBg=FFFFFF,,,22.00
250,3,3,Natural Uniforms Chef Pants 6-Pocket Cargos Working Pants for Men  Medium Black,Pants,|https://i5.walmartimages.com/asr/cb10ef49-f756-4885-834c-9d9032ee8faf.be240467c405d8758be7547ba3c7256c.jpeg?odnHeight=180odnWidth=180odnBg=FFFFFF,,,13.99
251,3,3,George Mens Flat Front Wrinkle Resistant Pants,Pants,|https://i5.walmartimages.com/asr/06e29f1c-b5f9-4c39-9c75-48ff03eaf278.c724157446e1c51bf878fe442b4e3cae.jpeg?odnHeight=180odnWidth=180odnBg=FFFFFF,,,9.98
252,4,3,Wrangler Mens and Big Mens Relaxed Fit Cargo Pants With Stretch,Pants,|https://i5.walmartimages.com/asr/c951f4d8-c841-4cd9-8d4a-d932770c666f.bb4eeeb7054707efde54c79cf76e73af.jpeg?odnHeight=180odnWidth=180odnBg=FFFFFF,,,25.00
253,5,3,Frostluinai Cargo Pants For Men Athletic Casual Outdoor Resistant Quick Dry Fishing Hiking Pants Classic Loose Fit Work Wear Combat Safety Trousers,Pants,|https://i5.walmartimages.com/asr/e7ec6b5c-9f5b-46d9-a733-ee7ef398287b.c63ebe2a086fce1a8300fff19aa24ad3.jpeg?odnHeight=180odnWidth=180odnBg=FFFFFF,,,16.98
254,0,3,Hunpta Womens Casual Pocket Print Zip Jeans Denim Loose Pants Trousers,Pants,|https://i5.walmartimages.com/asr/05800878-962a-44db-99f3-8c81682c0644.708ae32f76e9fdb4f81a28cad261f286.jpeg?odnHeight=180odnWidth=180odnBg=FFFFFF,,,13.98
255,1,3,George Mens Athletic Fit Chino Pants,Pants,|https://i5.walmartimages.com/asr/4dcd9a51-1886-483c-b910-5d26417cd18f.cef9790e3bf2322455203c0e02225ca5.jpeg?odnHeight=180odnWidth=180odnBg=FFFFFF,,,29.98
256,1,3,Wrangler Mens Stretch Taper Leg Regular Fit Cargo Pant,Pants,|https://i5.walmartimages.com/asr/d3c5ca15-d572-42f1-be7a-b4dda5ab8730.104b0cfd80b80f6a17062957e5eb9d83.jpeg?odnHeight=180odnWidth=180odnBg=FFFFFF,,,16.98
257,5,3,Harbor Bay Continuous Comfort Pants - Mens Big and Tall cocoa brown 50x32,Pants,|https://i5.walmartimages.com/asr/272e51c7-4172-481d-9b9c-d0334250bcf3.3e6ee06339163b3c92f3c41df104565d.jpeg?odnHeight=180odnWidth=180odnBg=FFFFFF,,,19.88
258,2,3,Rugged Blue Workwear Male Relaxed Fit Painters Pants Men Natural - 38x36,Pants,|https://i5.walmartimages.com/asr/f1d38349-b391-4331-9344-efe743818c3b_1.dfa4e183bb19142af3a8aafe52d8fc17.jpeg?odnHeight=180odnWidth=180odnBg=FFFFFF,,,19.99
259,5,3,George Mens Slim Chino Pants,Pants,|https://i5.walmartimages.com/asr/6da7c195-eacc-47fb-afa7-88b79478e26b_1.ced2b6b76debcb41af26888f0e36ba7d.jpeg?odnHeight=180odnWidth=180odnBg=FFFFFF,,,17.00
260,5,3,Wrangler Mens Outdoor Zip Cargo Pant,Pants,|https://i5.walmartimages.com/asr/216e151f-a728-4a60-b9b0-944344d98002.069c6a387f4f97bcd80177db6f6d463e.jpeg?odnHeight=180odnWidth=180odnBg=FFFFFF,,,34.99
261,0,3,Floleo Men Flap Pocket Drawstring Elastic Waist Cargo Pants Straight-Fit Casual Pants Solid Trousers Relaxed Plus Size Long Pant,Pants,|https://i5.walmartimages.com/asr/21053386-6451-449f-99dd-5ea81d8fe0c2.6c148c1a5e3a21e16c58a8fd333b3c28.jpeg?odnHeight=180odnWidth=180odnBg=FFFFFF,,,9.98
262,0,3,Kuluzego Women Casual Cotton and Linen Solid Drawstring Elastic Waist Long Straight Pants,Pants,|https://i5.walmartimages.com/asr/c53e127a-d265-4cfb-83a5-f84ba77b79aa.a8fb394937b07a288a4f6db03d821570.jpeg?odnHeight=180odnWidth=180odnBg=FFFFFF,,,24.00
263,5,3,George Mens Pleated Wrinkle Resistant Pants,Pants,|https://i5.walmartimages.com/asr/b2c9176b-aab2-4819-930c-52120596f332.e959ea856d31ae265ee701023ced1d35.jpeg?odnHeight=180odnWidth=180odnBg=FFFFFF,,,16.99
264,0,3,Wrangler Mens Rugged Extra Pocket Utility Pant,Pants,|https://i5.walmartimages.com/asr/f8519f6b-6443-4151-a32e-30b54a5c1a2e.73c47556eeae940bb708d4ab01ce032c.jpeg?odnHeight=180odnWidth=180odnBg=FFFFFF,,,16.98
265,5,3,George Mens Premium Straight Fit Khaki Pants,Pants,|https://i5.walmartimages.com/asr/ee78af75-08fb-4df6-ae90-6d3325748dc9_1.6408787a17c7aca5f7d431004b6f8c77.jpeg?odnHeight=180odnWidth=180odnBg=FFFFFF,,,20.99
266,0,3,George Mens and Big Mens Wrinkle Resistant Flat Front Twill Pants,Pants,|https://i5.walmartimages.com/asr/c4a51bce-367d-4e93-998f-dadbac0e9a05_1.e2be2af8642827191d6aca012bbf61e5.jpeg?odnHeight=180odnWidth=180odnBg=FFFFFF,,,16.99
267,2,3,33 000ft Mens Rain Pants  Waterproof Rain Over Pants  Windproof Outdoor Pants for Hiking  Fishing,Pants,|https://i5.walmartimages.com/asr/96230c9e-6257-4f75-a716-59ffb87d519e.bd9b0cd24a6d6b25a7fe02034f5c8004.jpeg?odnHeight=180odnWidth=180odnBg=FFFFFF,,,35.90
268,2,3,Blair Mens JohnBlairFlex Relaxed-Fit Sport Pants,Pants,|https://i5.walmartimages.com/asr/f4a5462b-43e9-4f5b-b77f-190d51810d7c.e89766ee1d14158e7eebcf7c27f5cce6.jpeg?odnHeight=180odnWidth=180odnBg=FFFFFF,,,20.88
269,0,3,LoyisViDion Woman Pants Clearance Women Casual Solid Pants Cotton Linen Drawstring Elastic Waist Long Wide Leg Pants,Pants,|https://i5.walmartimages.com/asr/babc1fda-8536-4715-8016-d100fca79eda.8a81a5fe789c0b56b6623b55c5ab728b.jpeg?odnHeight=180odnWidth=180odnBg=ffffff,,,19.16
270,4,3,LoyisViDion Woman Pants Clearance Women Casual Solid Pants Cotton Linen Drawstring Elastic Waist Long Wide Leg Pants,Pants,|https://i5.walmartimages.com/asr/054f5149-56d6-4bf0-9f44-0f9d4844b318.50efa6d199b0d9374e955fa0a274e746.jpeg?odnHeight=180odnWidth=180odnBg=FFFFFF,,,24.88
271,1,3,Champion Men’s and Big Mens Closed Bottom Jersey Pants Active Up to Size 4XL,Pants,|https://i5.walmartimages.com/asr/3c916f6b-b390-4752-8322-1bcf5f73eafe.17496dc59f8647e65946dcbc328253e2.jpeg?odnHeight=180odnWidth=180odnBg=FFFFFF,,,19.51
272,0,3,Athletic Works Womens Dri More Core Athleisure Bootcut Yoga Pants  Available in Regular and Petite,Pants,|https://i5.walmartimages.com/asr/0651f290-0737-4545-aca6-a889486a9bce_1.109314d0735decc0c9bb8998c53a8741.jpeg?odnHeight=180odnWidth=180odnBg=FFFFFF,,,14.99
273,0,3,No Boundaries Juniors Flared Lettuce Edge Pants  2-Pack,Pants,|https://i5.walmartimages.com/asr/eaa274f9-5280-45c4-b372-4df4fe3cb4f2.4acb2a86bc42f1386a1658e5d7e58137.jpeg?odnHeight=180odnWidth=180odnBg=FFFFFF,,,7.07
274,2,3,Niuer Womens Yoga Lounge Dress Pants Work Office Business Casual Slacks Stretch Regular Straight Leg Pants with Buttons,Pants,|https://i5.walmartimages.com/asr/f40c5266-f3c1-405c-b88b-aa18f40614ed.db98da5e49c9f856beaa7f4b9273f9a9.jpeg?odnHeight=180odnWidth=180odnBg=FFFFFF,,,54.99
275,0,3,Fruit of the Loom Mens and Big Mens Microsanded Woven Plaid Pajama Pants,Pants,|https://i5.walmartimages.com/asr/0601cc7c-a5dd-451f-825b-b7168b9ee441_1.c1aa3558ab0202bcbabb13cc0901e52c.jpeg?odnHeight=180odnWidth=180odnBg=ffffff,,,19.98
276,3,3,George Mens and Big Mens Jogger Pants,Pants,|https://i5.walmartimages.com/asr/2bdcc7a2-de6b-4ed2-bd61-319688f256b2.ece4f2c38043a40f9c87ccd15c472961.jpeg?odnHeight=180odnWidth=180odnBg=ffffff,,,41.99
277,3,3,Mens Slim Fit Cotton Stretch Chino Pants (3-Pack),Pants,|https://i5.walmartimages.com/asr/4b1f7fee-e689-450f-983a-7062a287474b_1.28d1d5a2ebae44cc6c5444308f05b20c.jpeg?odnHeight=180odnWidth=180odnBg=FFFFFF,,,22.99
278,5,3,Real School Uniforms Adult Everybody Pull-On Jogger Pant 60002  12  Khaki,Pants,|https://i5.walmartimages.com/asr/51301f05-f9e1-4987-aa70-cce43c4f7838.3692d5609c8424e8c7cbf50ede16397e.jpeg?odnHeight=180odnWidth=180odnBg=FFFFFF,,,38.90
279,5,3,No Boundaries Juniors High-Rise Flare Pants  2-Pack,Pants,|https://i5.walmartimages.com/asr/100934a4-94c5-4238-8d40-939edb51e65f.59be60c86af999fe26a7848f1c27adbc.jpeg?odnHeight=180odnWidth=180odnBg=FFFFFF,,,29.99
280,4,3,Hanes Girls ComfortSoft Eco Smart Fleece Jogger Sweatpants  Sizes 4-16,Pants,|https://i5.walmartimages.com/asr/69335331-ed42-43cc-84ab-69162bfb34b3_1.ecc2fef0319f6d4195f863ad56520d50.jpeg?odnHeight=180odnWidth=180odnBg=FFFFFF,,,24.99
281,2,3,U.S. Polo Assn. Mens Slim Straight Stretch Twill 5 Pocket Pants,Pants,|https://i5.walmartimages.com/asr/c26b6cb1-3eef-4970-987e-ebb0abc2d583.323981d5c0acc7c75e974c06e303d0f0.jpeg?odnHeight=180odnWidth=180odnBg=FFFFFF,,,19.98
282,4,3,George Mens and Big Mens Premium Regular Fit Khaki Pant,Pants,|https://i5.walmartimages.com/asr/4bee00fd-f1cc-4345-8e7e-cdaa24eb6875_1.0972f14c1bbbffb06e607c7733792deb.jpeg?odnHeight=180odnWidth=180odnBg=FFFFFF,,,21.98
283,2,3,Terra amp; Sky Womens Plus Size High Rise Paperbag Pants,Pants,|https://i5.walmartimages.com/asr/b7181edd-c8f4-45c9-b663-d77f27ab6cfb.50582f9083b4fea32c43626f12d10d04.jpeg?odnHeight=180odnWidth=180odnBg=FFFFFF,,,27.98
284,5,3,Russell Mens and Big Mens Active Colorblock Tech Fleece Jogger Pants  Sizes up to 5XL,Pants,|https://i5.walmartimages.com/asr/1c156f57-10e2-48de-9cb4-d8878e81031d.a1ff6825b7a5fa183885b8f63bedbee2.jpeg?odnHeight=180odnWidth=180odnBg=FFFFFF,,,47.00
285,0,3,Just My Size Womens Plus Size Pull on 2-Pocket Stretch Woven Pants  Also in Petite,Pants,|https://i5.walmartimages.com/asr/c51c7e79-3aaa-40bd-8889-322665da1593_1.7759c04b315fb45c8481a44f44bac67b.jpeg?odnHeight=180odnWidth=180odnBg=FFFFFF,,,17.35
286,2,3,Wrangler Mens and Big Mens Legacy Cargo Pant,Pants,|https://i5.walmartimages.com/asr/a9de457e-1da6-4cff-abc8-4a849ba599ce_1.34cf09c0be56c9b1f37a99253338308c.jpeg?odnHeight=180odnWidth=180odnBg=FFFFFF,,,34.99
287,5,3,No Boundaries Mens Pull-On Jogger Pants  Sizes XS-5XL,Pants,|https://i5.walmartimages.com/asr/e5210e5c-c9a9-4243-8e71-73cc2bba9fc4.62c460c0cd26f17a3befc1e06bd3adca.jpeg?odnHeight=180odnWidth=180odnBg=FFFFFF,,,41.99
288,3,3,Puma Mens and Big Mens Jersey Logo Joggers  Sizes S-XXL,Pants,|https://i5.walmartimages.com/asr/5c48831a-7ea5-4e0b-82e9-747f52656b1a.e07f6248dd7f67bba0f0f559ad310db7.jpeg?odnHeight=180odnWidth=180odnBg=FFFFFF,,,36.99
289,2,3,No Boundaries Mens and Big Mens Loose Fit Corduroy Utility Pants,Pants,|https://i5.walmartimages.com/asr/43f5f06c-d8ac-4bf9-af26-35cb25729ffc.f17e9e221de2d0f504db018b1de1b1ab.jpeg?odnHeight=180odnWidth=180odnBg=FFFFFF,,,34.99
290,2,3,No Boundaries Mens and Big Mens Faux Sherpa Jogger Pants,Pants,|https://i5.walmartimages.com/asr/894c82c8-65eb-45b3-9f82-a09a25c14500.c699233e396ad817b911e9095fdfadf7.jpeg?odnHeight=180odnWidth=180odnBg=ffffff,,,42.99
291,3,3,Chic Womens Easy Fit Elastic Waist Pull On Pant,Pants,|https://i5.walmartimages.com/asr/e168b775-b817-4738-b818-fad0e778b46b_1.23cda240801101a552f674fa4347e32e.jpeg?odnHeight=180odnWidth=180odnBg=FFFFFF,,,40.00
292,5,3,George Mens and Big Mens Jogger Pants,Pants,|https://i5.walmartimages.com/asr/2bdcc7a2-de6b-4ed2-bd61-319688f256b2.ece4f2c38043a40f9c87ccd15c472961.jpeg?odnHeight=180odnWidth=180odnBg=FFFFFF,,,39.99
293,4,3,No Boundaries Mens and Big Mens Loose Fit Corduroy Utility Pants,Pants,|https://i5.walmartimages.com/asr/f05d5fcd-36ab-49d8-bf07-2f97f03eaea8.bd6add24b9c62a794625facd418d2f95.jpeg?odnHeight=180odnWidth=180odnBg=ffffff,,,70.00
294,5,3,Lazer Mens Pull-On Stretch Twill Jogger Pants  Sizes S-XL  Mens Pants,Pants,|https://i5.walmartimages.com/asr/0ea869cf-cf6a-46d0-8e38-6b69bd827fa2_1.0e13b6eeaa88e265eded6fc3a011fe84.jpeg?odnHeight=180odnWidth=180odnBg=FFFFFF,,,25.00
295,1,3,Wrangler Boys Gamer Cargo Pants  Sizes 4-16  Slim amp; Husky,Pants,|https://i5.walmartimages.com/asr/176dd932-93eb-4024-befd-ea71bdbf434c.1e326fad84815a2db62b5559c8adef02.jpeg?odnHeight=180odnWidth=180odnBg=FFFFFF,,,22.98
296,5,3,Dickies Mens FLEX 874 Work Pant,Pants,|https://i5.walmartimages.com/asr/bd48e1a6-d704-41b0-bbd5-e97878987e99_1.879a59fb2feb19ace427211e5bdd2a42.jpeg?odnHeight=180odnWidth=180odnBg=FFFFFF,,,7.57
297,3,3,Disneys Minnie Mouse 6V Bumper Car  Battery Powered Ride On by Flybar  Includes Charger,Kids Toys,|https://i5.walmartimages.com/asr/a792c954-15c0-4622-9848-9ee7bf3cd142.ac7d818d78fa27e53be5f0cf7ae6795c.jpeg?odnHeight=180odnWidth=180odnBg=FFFFFF,,,129.00
298,4,3,Kinetic Sand  The Original Moldable Sensory Play Sand Toys For Kids  Blue  2 lb. Resealable Bag  Ages 3+,Kids Toys,|https://i5.walmartimages.com/asr/fbaa6963-f892-4481-acca-337c2a81945f.8c5cf8a61eab611ce8318fd33eb3e515.jpeg?odnHeight=180odnWidth=180odnBg=FFFFFF,,,9.97
299,3,3,JitteryGit Dinosaur Toys for Boys Race Car Track Set | Dinosaurs STEM Vehicle Playsets for Kids Toddler Ages 3 4 5 6 7 8 Year Olds,Kids Toys,|https://i5.walmartimages.com/asr/eb28d9cf-3251-40d3-812d-767874ec7db8.fcd48dd1c56bf099f9e53bee53a536d6.jpeg?odnHeight=180odnWidth=180odnBg=FFFFFF,,,25.99
300,3,3,Best Choice Products Play Doctor Kit for Kids  Pretend Medical Station Set with Carrying Case  Mobile Cart,Kids Toys,|https://i5.walmartimages.com/asr/06234f7d-d41d-4bb8-b8c6-545b86aec8d0.b543287aa8b3e10bcbb138f5c9d3dac5.jpeg?odnHeight=180odnWidth=180odnBg=FFFFFF,,,39.99
301,0,3,Minnies Happy Helpers Bowtique Shopping Cart  Dress Up and Pretend Play  Officially Licensed Kids Toys for Ages 3 Up  Gifts and Presents,Kids Toys,|https://i5.walmartimages.com/asr/623d7e23-aec4-48d4-a0e1-82fd05099b41.d9600a7a35b4c3fb6ca2c709c9760b97.jpeg?odnHeight=180odnWidth=180odnBg=ffffff,,,10.00
302,4,3,Disney Frozen 2 Elsa Styling Head  18-Pieces Include Wear and Share Accessories  Blonde  Hair Styling for Kids  Officially Licensed Kids Toys for Ages 3 Up  Gifts and Presents,Kids Toys,|https://i5.walmartimages.com/asr/240101e7-54ce-4d3b-ba43-8b19c3e62dd4.9b1bbf8b87a43e11ff004cb5d971ddfd.jpeg?odnHeight=180odnWidth=180odnBg=ffffff,,,14.97
303,4,3,Little Tikes Brand Hoop It Up! Play Center Special Value Pack with 25 Balls  Toy Sports Ball Pit  Ages 3 Years Old and up,Kids Toys,|https://i5.walmartimages.com/asr/687a1af0-0669-4b9c-b74d-925550bc1c06.b09de31a1295d4942e7c00fe5c60587a.jpeg?odnHeight=180odnWidth=180odnBg=ffffff,,,39.97
304,3,3,Kid Connection Monster Truck Play Set  7 Pieces,Kids Toys,|https://i5.walmartimages.com/asr/6a06ac66-0f7d-4eef-a9d8-990332d63c9e.7daccc9bdb61f301f1b7ae4184c07682.jpeg?odnHeight=180odnWidth=180odnBg=ffffff,,,6.88
305,0,3,Disney Junior Minnie Mouse Fab Food Bucket  25-pieces  Pretend Kitchen Playset  Officially Licensed Kids Toys for Ages 3 Up  Gifts and Presents,Kids Toys,|https://i5.walmartimages.com/asr/c3a83791-a70a-43fe-8272-ca1a83e03ba3.33b25be955ce4f250a6218f53b9fc69e.jpeg?odnHeight=180odnWidth=180odnBg=ffffff,,,9.84
306,0,3,Kid Connection Play Food Basket  100 Pieces,Kids Toys,|https://i5.walmartimages.com/asr/93e178b4-79d0-46c3-bb23-c691fa697642.cec1c7fea050d5eb16b400ac5986a345.jpeg?odnHeight=180odnWidth=180odnBg=ffffff,,,9.97
307,5,3,Hatchimals CollEGGtibles Hatchy Surprise (Styles Vary),Kids Toys,|https://i5.walmartimages.com/asr/30f35bd1-c8bb-4b8f-a22d-52bafc57e541.5b45dae201f1c93560201e8c39c3413e.jpeg?odnHeight=180odnWidth=180odnBg=FFFFFF,,,2.57
308,1,3,Magic Mixies Magical Misting Crystal Ball with Interactive 8 inch Pink Plush Toy and 80+ Sounds and Reactions  Electronic Pet  Ages 5+,Kids Toys,|https://i5.walmartimages.com/asr/a499ed51-994c-4a06-b918-a8e47c5b8a43.4dcd15e1146d414979a47c682f690d20.jpeg?odnHeight=180odnWidth=180odnBg=FFFFFF,,,55.00
309,1,3,Disney Junior Mickey Mouse Handy Helper Tool Bucket  25-pieces  Officially Licensed Kids Toys for Ages 3 Up  Gifts and Presents,Kids Toys,|https://i5.walmartimages.com/asr/42285f76-d119-438d-8de4-ab789d3e2eba.41831f7fa10fbe9911e2a031f10385e4.jpeg?odnHeight=180odnWidth=180odnBg=ffffff,,,9.84
310,3,3,Kinetic Sand  Sandbox Set Kids Toy with 1lb All-Natural Blue Kinetic Sand and 3 Molds  Sensory Toys for Kids Ages 3 and up,Kids Toys,|https://i5.walmartimages.com/asr/1a67b18f-6eb5-4fc0-9ebe-e22f668e4789.30e18355fa536fee2a8e54f521985267.jpeg?odnHeight=180odnWidth=180odnBg=ffffff,,,9.99
311,1,3,Kid Connection Friction Powered Utility Trucks Play Set  4 Pieces,Kids Toys,|https://i5.walmartimages.com/asr/b5460910-b891-47d3-9af5-f07954b4ba93.caa421f81847236af4d6903ff5f528db.jpeg?odnHeight=180odnWidth=180odnBg=ffffff,,,6.88
312,5,3,Hot Wheels 110 Vehicle Playsets Plastic Carrying Case  for Child Ages 3+,Kids Toys,|https://i5.walmartimages.com/asr/31f374b4-4cae-4037-8b99-65c17e6348c7.7b3f239ca9cfbfc19b7f45274b84d687.png?odnHeight=180odnWidth=180odnBg=ffffff,,,19.97
313,4,3,Disney Junior Minnie Mouse Sparkle and Sing Minnie Mouse  13 Inch Feature Plush with Lights and Sounds  Officially Licensed Kids Toys for Ages 3 Up  Gifts and Presents,Kids Toys,|https://i5.walmartimages.com/asr/5cc71547-0c9c-4333-9712-68896b9a5cc8.776a144ada120340d52ff4f5c80ed350.jpeg?odnHeight=180odnWidth=180odnBg=ffffff,,,14.97
314,4,3,Minnie Mouse Terrific Teapot  Kids Pretend Play Tea Set  Officially Licensed Kids Toys for Ages 3 Up  Gifts and Presents,Kids Toys,|https://i5.walmartimages.com/asr/a019b2d8-b088-45bb-9910-755810b97f7f.9f77bdfe003b5f982ca1e60e1305829d.jpeg?odnHeight=180odnWidth=180odnBg=ffffff,,,10.00
315,5,3,Minnie Mouse Collectible Mini Figure in Capsule  Styles May Vary  Party Favors and Gifts for Kids  Officially Licensed Kids Toys for Ages 3 Up  Gifts and Presents,Kids Toys,|https://i5.walmartimages.com/asr/076262c0-eaf9-4e3c-b4f8-3b8ac967d26d.8dbeb16d43afd4971cd74ef9407e88d1.jpeg?odnHeight=180odnWidth=180odnBg=ffffff,,,4.97
316,0,3,JitteryGit Dinosaur Toys for Boys Race Car Track Set | Dinosaurs STEM Vehicle Playsets for Kids Toddler Ages 3 4 5 6 7 8 Year Olds,Kids Toys,|https://i5.walmartimages.com/asr/eb28d9cf-3251-40d3-812d-767874ec7db8.fcd48dd1c56bf099f9e53bee53a536d6.jpeg?odnHeight=180odnWidth=180odnBg=ffffff,,,25.99
317,4,3,JitteryGit Dinosaur Toys for Boys Race Car Track STEM Vehicle Playsets for Kids Toddler Ages 3 4 5 6 7 8 Year Olds,Kids Toys,|https://i5.walmartimages.com/asr/e1541761-1fd4-44a2-9d20-9039fad96f07.2af8b8e8171cdce95a3a93cf57dca0ac.jpeg?odnHeight=180odnWidth=180odnBg=FFFFFF,,,25.99
318,1,3,Hatchimals CollEGGtibles  Shimmer Babies 12-Pack Egg Carton,Kids Toys,|https://i5.walmartimages.com/asr/4e51f784-26d4-4b1b-a679-bfec85008df7.8bc82ce5036d8eb51b8f7c4c00f5c8ff.jpeg?odnHeight=180odnWidth=180odnBg=FFFFFF,,,13.49
319,1,3,Hot Wheels 5-Car Pack of 1:64 Scale Vehicles  Collectible Toy Cars (Styles May Vary),Kids Toys,|https://i5.walmartimages.com/asr/7c10e2c7-8bb6-48bf-80d3-202fac09605d.60df2867703695d8b6b076919a0e4c4d.jpeg?odnHeight=180odnWidth=180odnBg=ffffff,,,5.62
320,5,3,Kid Connection Miniature Electronic Walking Pet  Triceratops,Kids Toys,|https://i5.walmartimages.com/asr/4dd3f536-30d0-4dcc-b95a-cf01fa434b0e.56751ebe161a1434330bed3ab263812b.jpeg?odnHeight=180odnWidth=180odnBg=ffffff,,,6.88
321,1,3,Little Tikes TotSports Kids T-Ball Set with Bat and 2 Balls  Outdoor Backyard Toy Sports Play Set  Red- For Toddlers Kids Girls Boys Ages 18 months to 2 3 4 Year Old,Kids Toys,|https://i5.walmartimages.com/asr/01f044eb-f831-4bdc-835f-7b29a7db6915_1.5393aba204d3f410e5c398df1174378c.jpeg?odnHeight=180odnWidth=180odnBg=ffffff,,,15.88
322,1,3,Fisher-Price Little People World of Animals See n Say Toddler Musical Learning Toy,Kids Toys,|https://i5.walmartimages.com/asr/798c799f-7b11-445a-8397-64e8d7c8cd27.42e652b45eb6957287a395ab9fd0328c.jpeg?odnHeight=180odnWidth=180odnBg=ffffff,,,14.97
323,4,3,Magic Mixies Magical Misting Cauldron with Interactive 8 inch Blue Plush Toy and 50+ Sounds and Reactions  Toys for Kids  Ages 5+,Kids Toys,|https://i5.walmartimages.com/asr/39bd7f70-0a9d-42b6-bb74-ff8e6b7ed3e6.735d85f2ac581cf62ce55ae4ab26a722.jpeg?odnHeight=180odnWidth=180odnBg=ffffff,,,55.99
324,4,3,LEGO Friends Mobile Fashion Boutique Shop and Hair Salon Playset 41719  Creative Toy for Kids  Girls and Boys 6 Plus Years Old with Stephanie Mini-Doll,Kids Toys,|https://i5.walmartimages.com/asr/72d0e9e0-09da-433a-ad5e-bcad86b5cc2f.ff16c14d78e182df253650af88a375b8.jpeg?odnHeight=180odnWidth=180odnBg=ffffff,,,7.99
325,0,3,JitteryGit Dinosaur Toys for Boys Race Car Track STEM Vehicle Playsets for Kids Toddler Ages 3 4 5 6 7 8 Year Olds,Kids Toys,|https://i5.walmartimages.com/asr/e1541761-1fd4-44a2-9d20-9039fad96f07.2af8b8e8171cdce95a3a93cf57dca0ac.jpeg?odnHeight=180odnWidth=180odnBg=ffffff,,,25.99
326,1,3,LEGO Minifigures The Muppets 71033 Limited Edition (1 of 12 to Collect),Kids Toys,|https://i5.walmartimages.com/asr/ab5b94da-1f6c-4d41-b2f4-e3567c47e346.5a4805d1895afd20383f3618c0680737.jpeg?odnHeight=180odnWidth=180odnBg=ffffff,,,3.00
327,5,3,Magic Mixies  Mixlings Magic Castle Playset  Expanding Playset with Magic Wand that Reveals 5 Magic Moments  Toys for Kids  Ages 5+,Kids Toys,|https://i5.walmartimages.com/asr/87b15521-a2f0-46b2-88e6-6b2bb6559439.d0c2c9a6111d8e33e84072b4358bb4d5.jpeg?odnHeight=180odnWidth=180odnBg=FFFFFF,,,21.61
328,4,3,Contixo R3 Robot Dog  Walking Pet Robot Toy Robots for Kids  Remote Control  Interactive Dance  Voice Commands  RC Toy Dog for Boys and Girls (Black),Kids Toys,|https://i5.walmartimages.com/asr/bba94bca-ce50-4584-9e28-a4294e8e3b63.40361a75afe0368ae9b24cd60d24d689.jpeg?odnHeight=180odnWidth=180odnBg=FFFFFF,,,49.99
329,4,3,LEGO Minecraft The Creeper Ambush Building Toy 21177 with Steve  Baby Pig amp; Chicken Figures  Gift for Kids  Boys and Girls age 7 Plus Years Old,Kids Toys,|https://i5.walmartimages.com/asr/5b4bedad-6dc7-4c34-bfe6-70998a1718d3.792f45cf5a4698d751891a302a89c00e.jpeg?odnHeight=180odnWidth=180odnBg=ffffff,,,7.49
330,5,3,Kid Connection Kitchen Play Set  19 Pieces  Play Cooking amp; Baking Toys. For ages 3+,Kids Toys,|https://i5.walmartimages.com/asr/9e7561d5-caf7-4034-b462-41dfe0c15c73.4be37ef1edef0d4abaacd0a3b3c46c73.jpeg?odnHeight=180odnWidth=180odnBg=ffffff,,,6.88
331,4,3,Disney Stitch Plush  Officially Licensed Kids Toys for Ages 2 Up  Gifts and Presents,Kids Toys,|https://i5.walmartimages.com/asr/d1b91da5-145b-43c2-8920-c251293f4fb3.4e6977407216ce7cc416208ebedb584d.jpeg?odnHeight=180odnWidth=180odnBg=ffffff,,,10.00
332,5,3,Kid Connection Light and Sound First Purse Play Set  Pink  5 Pieces,Kids Toys,|https://i5.walmartimages.com/asr/a25c1136-658f-45fc-8f2b-05e326a23c91_1.dc9e61dbdf8b35053f33225c6e71f6e5.jpeg?odnHeight=180odnWidth=180odnBg=ffffff,,,6.88
333,3,3,LEGO City Police Car Toy 60312 for Kids 5 plus Years Old with Officer Minifigure  Small Gift Idea  Adventures Series  Chase Vehicle Building Set,Kids Toys,|https://i5.walmartimages.com/asr/286f18b6-873d-4885-83b8-ea59a112c1b1.4e6202f932357b5ca3af320a6e82f84a.jpeg?odnHeight=180odnWidth=180odnBg=ffffff,,,6.49
334,5,3,Disney Junior Minnie Mouse Flipping Fun Pretend Play Kitchen Set  Play Food  Realistic Sounds  Officially Licensed Kids Toys for Ages 3 Up  Gifts and Presents,Kids Toys,|https://i5.walmartimages.com/asr/259ca870-2f18-4e43-8eb8-4570cf4a8baa.adb697ffc218e7e8ac624be59a93897e.jpeg?odnHeight=180odnWidth=180odnBg=ffffff,,,68.00
335,5,3,LEGO Speed Champions Fast amp; Furious 1970 Dodge Charger R/T 76912  Toy Muscle Car Model Kit for Kids  Collectible Set with Dominic Toretto Minifigure,Kids Toys,|https://i5.walmartimages.com/asr/eb109dd5-7c74-48d3-a38f-1e15f7466d9c.0b91fb37448300ba2e87c14cccdcd1a7.jpeg?odnHeight=180odnWidth=180odnBg=ffffff,,,19.97
336,0,3,Hot Wheels Gift Set of 9 Toy Cars or Trucks in 1:64 Scale (Styles May Vary),Kids Toys,|https://i5.walmartimages.com/asr/7e70cbc5-398b-416f-8aaa-a30e78731578.ab98a1079c3741ba84418c8aedae50f7.jpeg?odnHeight=180odnWidth=180odnBg=FFFFFF,,,9.47
337,2,3,LEGO Classic Creative Suitcase 10713  Includes Storage Case with Fun Colorful Building Bricks  Preschool Learning Toy for 4 plus Year Old Kids  Boys and Girls,Kids Toys,|https://i5.walmartimages.com/asr/af5ff6f2-0a68-48f5-84eb-6d16a80f9072.2af10aafa8bfd6ac50bd9119ab82a357.jpeg?odnHeight=180odnWidth=180odnBg=ffffff,,,15.99
338,5,3,Kid Connection Electronic Walking Pet  Unicorn,Kids Toys,|https://i5.walmartimages.com/asr/1887fc97-40f2-4495-9dd8-da1a19038ba9.55b36f19c4271c4fd6e788f995c44398.jpeg?odnHeight=180odnWidth=180odnBg=ffffff,,,14.97
339,3,3,LEGO Marvel Spider-Man Miles Morales: 10781 Spider-Mans Techno Trike Set  Spidey And His Amazing Friends Series  Toy for Preschool Kids Age 4 +,Kids Toys,|https://i5.walmartimages.com/asr/b634ae8a-b582-4232-a02b-c032b9c4aa21.af264287cd8fce9ec6e65f8db4bf7e0f.jpeg?odnHeight=180odnWidth=180odnBg=ffffff,,,7.99
340,1,3,LEGO DOTS Hedwig Pencil Holder 41809  Harry Potter Owl Desk Accessories  Pencil Pot and Noteholder  Toy Crafts Set for Kids,Kids Toys,|https://i5.walmartimages.com/asr/478d966d-4516-4856-af96-e11f38cf827b.a0db306a3ae2ad46d4b88cb98f459a82.jpeg?odnHeight=180odnWidth=180odnBg=ffffff,,,19.97
341,0,3,LEGO City ATV and Otter Habitat  60394 Off-Roader Quad Bike Toy Car for Kids Age 5 Plus  Animal Playset with Wildlife Figures  Learning to Build Nature Set,Kids Toys,|https://i5.walmartimages.com/asr/f2a1f35b-5179-4c79-ab7b-98934f697807.bddff2375924b523310b83a763897abc.jpeg?odnHeight=180odnWidth=180odnBg=ffffff,,,7.99
342,5,3,Disney Junior Minnie Mouse Bowtique Cash Register with Sounds  Dress Up and Pretend Play  Officially Licensed Kids Toys for Ages 3 Up  Gifts and Presents,Kids Toys,|https://i5.walmartimages.com/asr/aa37b83a-77ab-4593-9395-3426826c2c3d.adf41f769ea0c82beb13dc0f4d90fe61.jpeg?odnHeight=180odnWidth=180odnBg=ffffff,,,34.99
343,1,3,Kinetic Sand Scents  Ice Cream Treats Playset with 3 Colors of All-Natural Scented Play Sand and 6 Serving Tools  Sensory Toys for Kids Ages 3 and up,Kids Toys,|https://i5.walmartimages.com/asr/23684b5e-7b94-4cc1-addd-25065903808e.0de85ac12861f60b6ef971e502eeef15.jpeg?odnHeight=180odnWidth=180odnBg=ffffff,,,25.49
344,1,3,LEGO Friends 66710 4-in-1 Building Toy Gift Set For Kids  Boys  and Girls (587 pieces),Kids Toys,|https://i5.walmartimages.com/asr/34319600-210b-41f2-b9cf-d2b13425df9a.ba40ba75f76b0e966c784888d3086b05.jpeg?odnHeight=180odnWidth=180odnBg=ffffff,,,58.00
345,2,3,Marvels Spidey and His Amazing Friends 6V Bumper Car  Battery Powered Ride On by Flybar,Kids Toys,|https://i5.walmartimages.com/asr/3e969470-97a7-4a11-ae29-66a56067e2fb.0e4c45997be15bc7d0f7e30cd2318a7f.jpeg?odnHeight=180odnWidth=180odnBg=FFFFFF,,,129.00
346,3,3,Little Live Pets  Mama Surprise  Soft  Interactive Mama Guinea Pig and her Hutch  and her 3 Surprise Babies  20+ Sounds amp; Reactions  Toys for Kids  Ages 4+,Kids Toys,|https://i5.walmartimages.com/asr/8135f385-8685-48ed-9d6c-79be410a9072.2efee20698adb06e810aed54301805de.jpeg?odnHeight=180odnWidth=180odnBg=ffffff,,,51.00